model,heldout_corpus,method,lambda,macro_dev_HitRate@10
text-embedding-3-small-aiberm,fiqa,q_only,0.0,0.8308188520273828
text-embedding-3-small-aiberm,fiqa,q_only,0.05,0.8323986308583464
text-embedding-3-small-aiberm,fiqa,q_only,0.1,0.8339784096893101
text-embedding-3-small-aiberm,fiqa,q_only,0.2,0.8323986308583464
text-embedding-3-small-aiberm,fiqa,q_only,0.3,0.8355581885202739
text-embedding-3-small-aiberm,fiqa,q_only,0.5,0.8456621906266456
text-embedding-3-small-aiberm,fiqa,q_only,0.75,0.8593887133579076
text-embedding-3-small-aiberm,fiqa,q_only,1.0,0.8609684921888713
text-embedding-3-small-aiberm,fiqa,reference_geometry,0.0,0.8308188520273828
text-embedding-3-small-aiberm,fiqa,reference_geometry,0.05,0.8323986308583464
text-embedding-3-small-aiberm,fiqa,reference_geometry,0.1,0.8339784096893101
text-embedding-3-small-aiberm,fiqa,reference_geometry,0.2,0.8323986308583464
text-embedding-3-small-aiberm,fiqa,reference_geometry,0.3,0.8339784096893101
text-embedding-3-small-aiberm,fiqa,reference_geometry,0.5,0.8456621906266456
text-embedding-3-small-aiberm,fiqa,reference_geometry,0.75,0.8593887133579076
text-embedding-3-small-aiberm,fiqa,reference_geometry,1.0,0.8497761979989468
text-embedding-3-small-aiberm,fiqa,corpus_geometry,0.0,0.8308188520273828
text-embedding-3-small-aiberm,fiqa,corpus_geometry,0.05,0.8323986308583464
text-embedding-3-small-aiberm,fiqa,corpus_geometry,0.1,0.8339784096893101
text-embedding-3-small-aiberm,fiqa,corpus_geometry,0.2,0.8323986308583464
text-embedding-3-small-aiberm,fiqa,corpus_geometry,0.3,0.8355581885202739
text-embedding-3-small-aiberm,fiqa,corpus_geometry,0.5,0.8402975250131649
text-embedding-3-small-aiberm,fiqa,corpus_geometry,0.75,0.8593887133579076
text-embedding-3-small-aiberm,fiqa,corpus_geometry,1.0,0.8481964191679832
text-embedding-3-small-aiberm,arguana,q_only,0.0,0.7967777777777778
text-embedding-3-small-aiberm,arguana,q_only,0.05,0.7961111111111111
text-embedding-3-small-aiberm,arguana,q_only,0.1,0.7961111111111111
text-embedding-3-small-aiberm,arguana,q_only,0.2,0.7974444444444444
text-embedding-3-small-aiberm,arguana,q_only,0.3,0.7954444444444445
text-embedding-3-small-aiberm,arguana,q_only,0.5,0.7934444444444444
text-embedding-3-small-aiberm,arguana,q_only,0.75,0.7851666666666667
text-embedding-3-small-aiberm,arguana,q_only,1.0,0.7740185185185186
text-embedding-3-small-aiberm,arguana,reference_geometry,0.0,0.7967777777777778
text-embedding-3-small-aiberm,arguana,reference_geometry,0.05,0.7961111111111111
text-embedding-3-small-aiberm,arguana,reference_geometry,0.1,0.7961111111111111
text-embedding-3-small-aiberm,arguana,reference_geometry,0.2,0.7974444444444444
text-embedding-3-small-aiberm,arguana,reference_geometry,0.3,0.7954444444444445
text-embedding-3-small-aiberm,arguana,reference_geometry,0.5,0.7947777777777777
text-embedding-3-small-aiberm,arguana,reference_geometry,0.75,0.7851666666666667
text-embedding-3-small-aiberm,arguana,reference_geometry,1.0,0.7740185185185186
text-embedding-3-small-aiberm,arguana,corpus_geometry,0.0,0.7967777777777778
text-embedding-3-small-aiberm,arguana,corpus_geometry,0.05,0.7954444444444445
text-embedding-3-small-aiberm,arguana,corpus_geometry,0.1,0.7954444444444445
text-embedding-3-small-aiberm,arguana,corpus_geometry,0.2,0.7974444444444444
text-embedding-3-small-aiberm,arguana,corpus_geometry,0.3,0.7954444444444445
text-embedding-3-small-aiberm,arguana,corpus_geometry,0.5,0.7921111111111111
text-embedding-3-small-aiberm,arguana,corpus_geometry,0.75,0.7845
text-embedding-3-small-aiberm,arguana,corpus_geometry,1.0,0.7740185185185186
text-embedding-3-small-aiberm,scifact,q_only,0.0,0.7859299631384938
text-embedding-3-small-aiberm,scifact,q_only,0.05,0.7875097419694576
text-embedding-3-small-aiberm,scifact,q_only,0.1,0.7868430753027909
text-embedding-3-small-aiberm,scifact,q_only,0.2,0.7881764086361241
text-embedding-3-small-aiberm,scifact,q_only,0.3,0.7893359662980516
text-embedding-3-small-aiberm,scifact,q_only,0.5,0.7915824117956819
text-embedding-3-small-aiberm,scifact,q_only,0.75,0.7853773038441285
text-embedding-3-small-aiberm,scifact,q_only,1.0,0.7706479726171668
text-embedding-3-small-aiberm,scifact,reference_geometry,0.0,0.7859299631384938
text-embedding-3-small-aiberm,scifact,reference_geometry,0.05,0.7875097419694576
text-embedding-3-small-aiberm,scifact,reference_geometry,0.1,0.7868430753027909
text-embedding-3-small-aiberm,scifact,reference_geometry,0.2,0.7881764086361241
text-embedding-3-small-aiberm,scifact,reference_geometry,0.3,0.7900026329647183
text-embedding-3-small-aiberm,scifact,reference_geometry,0.5,0.7909157451290153
text-embedding-3-small-aiberm,scifact,reference_geometry,0.75,0.7833773038441284
text-embedding-3-small-aiberm,scifact,reference_geometry,1.0,0.7706479726171668
text-embedding-3-small-aiberm,scifact,corpus_geometry,0.0,0.7859299631384938
text-embedding-3-small-aiberm,scifact,corpus_geometry,0.05,0.7868430753027909
text-embedding-3-small-aiberm,scifact,corpus_geometry,0.1,0.7875097419694576
text-embedding-3-small-aiberm,scifact,corpus_geometry,0.2,0.788843075302791
text-embedding-3-small-aiberm,scifact,corpus_geometry,0.3,0.7893359662980516
text-embedding-3-small-aiberm,scifact,corpus_geometry,0.5,0.7922490784623486
text-embedding-3-small-aiberm,scifact,corpus_geometry,0.75,0.7856237493417589
text-embedding-3-small-aiberm,scifact,corpus_geometry,1.0,0.7706479726171668
text-embedding-3-small-aiberm,nfcorpus,q_only,0.0,0.810929963138494
text-embedding-3-small-aiberm,nfcorpus,q_only,0.05,0.8125097419694577
text-embedding-3-small-aiberm,nfcorpus,q_only,0.1,0.8125097419694577
text-embedding-3-small-aiberm,nfcorpus,q_only,0.2,0.8131764086361243
text-embedding-3-small-aiberm,nfcorpus,q_only,0.3,0.8150026329647183
text-embedding-3-small-aiberm,nfcorpus,q_only,0.5,0.8159157451290153
text-embedding-3-small-aiberm,nfcorpus,q_only,0.75,0.8186550816219063
text-embedding-3-small-aiberm,nfcorpus,q_only,1.0,0.8088274530454626
text-embedding-3-small-aiberm,nfcorpus,reference_geometry,0.0,0.810929963138494
text-embedding-3-small-aiberm,nfcorpus,reference_geometry,0.05,0.8125097419694577
text-embedding-3-small-aiberm,nfcorpus,reference_geometry,0.1,0.8125097419694577
text-embedding-3-small-aiberm,nfcorpus,reference_geometry,0.2,0.8131764086361243
text-embedding-3-small-aiberm,nfcorpus,reference_geometry,0.3,0.8150026329647183
text-embedding-3-small-aiberm,nfcorpus,reference_geometry,0.5,0.8152490784623486
text-embedding-3-small-aiberm,nfcorpus,reference_geometry,0.75,0.8179884149552397
text-embedding-3-small-aiberm,nfcorpus,reference_geometry,1.0,0.8149015271195367
text-embedding-3-small-aiberm,nfcorpus,corpus_geometry,0.0,0.810929963138494
text-embedding-3-small-aiberm,nfcorpus,corpus_geometry,0.05,0.8125097419694577
text-embedding-3-small-aiberm,nfcorpus,corpus_geometry,0.1,0.8140895208004212
text-embedding-3-small-aiberm,nfcorpus,corpus_geometry,0.2,0.813843075302791
text-embedding-3-small-aiberm,nfcorpus,corpus_geometry,0.3,0.8150026329647183
text-embedding-3-small-aiberm,nfcorpus,corpus_geometry,0.5,0.8152490784623486
text-embedding-3-small-aiberm,nfcorpus,corpus_geometry,0.75,0.8209015271195366
text-embedding-3-small-aiberm,nfcorpus,corpus_geometry,1.0,0.8063345620502019
