model,heldout_corpus,method,selected_lambda,HitRate@5,HitRate@10,Recall@5,Recall@10,MRR@10,NDCG@10
text-embedding-3-small-aiberm,fiqa,baseline,0.0,0.6419753086419753,0.7021604938271605,0.4439888643592348,0.5218286043517525,0.5211713697824809,0.4484005684848995
text-embedding-3-small-aiberm,fiqa,q_only,1.0,0.6388888888888888,0.6990740740740741,0.4439613070400107,0.5158779663409294,0.5206679894179894,0.4468008015017161
text-embedding-3-small-aiberm,fiqa,reference_geometry,0.75,0.6404320987654321,0.7052469135802469,0.4433183029247844,0.5202345665308629,0.5215969772682735,0.44895575579770236
text-embedding-3-small-aiberm,fiqa,corpus_geometry,0.75,0.6373456790123457,0.7052469135802469,0.44228949634042225,0.517947309035272,0.5192754262198707,0.44767176417804755
text-embedding-3-small-aiberm,arguana,baseline,0.0,0.6161137440758294,0.8104265402843602,0.6161137440758294,0.8104265402843602,0.25771270593545476,0.3908201027297264
text-embedding-3-small-aiberm,arguana,q_only,0.2,0.6208530805687204,0.8056872037914692,0.6208530805687204,0.8056872037914692,0.2565993379974423,0.38888804281554307
text-embedding-3-small-aiberm,arguana,reference_geometry,0.2,0.6208530805687204,0.8056872037914692,0.6208530805687204,0.8056872037914692,0.25678364552772137,0.38903903135342344
text-embedding-3-small-aiberm,arguana,corpus_geometry,0.2,0.6161137440758294,0.8056872037914692,0.6161137440758294,0.8056872037914692,0.2562720980967426,0.38857343365335484
text-embedding-3-small-aiberm,scifact,baseline,0.0,0.9111111111111111,0.9111111111111111,0.9,0.9111111111111111,0.7933333333333334,0.8198454973535806
text-embedding-3-small-aiberm,scifact,q_only,0.5,0.9111111111111111,0.9111111111111111,0.9,0.9111111111111111,0.7866666666666666,0.8155471328287525
text-embedding-3-small-aiberm,scifact,reference_geometry,0.5,0.9111111111111111,0.9111111111111111,0.9,0.9111111111111111,0.782962962962963,0.8126375827493866
text-embedding-3-small-aiberm,scifact,corpus_geometry,0.5,0.9111111111111111,0.9111111111111111,0.9,0.9111111111111111,0.782962962962963,0.8126375827493866
text-embedding-3-small-aiberm,nfcorpus,baseline,0.0,0.5918367346938775,0.6326530612244898,0.1327469763665033,0.1816579564048936,0.4824263038548753,0.3245269233554225
text-embedding-3-small-aiberm,nfcorpus,q_only,0.75,0.5918367346938775,0.6326530612244898,0.13212829035389229,0.17512744733574517,0.4827097505668934,0.31968400363552957
text-embedding-3-small-aiberm,nfcorpus,reference_geometry,0.75,0.5918367346938775,0.6326530612244898,0.13212829035389229,0.17523716864362318,0.4827097505668934,0.3214251157390259
text-embedding-3-small-aiberm,nfcorpus,corpus_geometry,0.75,0.5918367346938775,0.6326530612244898,0.13212829035389229,0.17523716864362318,0.4824263038548753,0.3219009151040656
