dataset,model,variant,queries,cos_q_g_mean,cos_q_g_median,cos_q_g_std,distance_g_q_mean,distance_g_q_median,distance_g_q_std,entropy_mean,entropy_median,entropy_std,entropy_max_log_top_m,corpus_documents,external_documents,prototype_count
fiqa_fixed_query,qwen3,D0_original,64,0.5685595258462564,0.5746190339439878,0.062334464735853676,0.8807533135776019,0.8781425795074188,0.057294405078016766,1.6321709380156932,1.7086050576569862,0.34329041325504134,2.0794415416798357,57638,0,64
fiqa_fixed_query,qwen3,D1_random_external,64,0.5738815355211969,0.5841603481582704,0.060691792142021764,0.877024177476525,0.8737884645775345,0.05613591111741337,1.6063006060988367,1.6676336268989749,0.3476297217617904,2.0794415416798357,58638,1000,64
fiqa_fixed_query,qwen3,D2_hard_external,64,0.5759942782318053,0.5866896162524713,0.06215613016797899,0.8744577893009968,0.8709437161302069,0.05718406844692693,1.5842735018609013,1.6816624538923821,0.34645531603470214,2.0794415416798357,58638,1000,64
fiqa_fixed_query,qwen3,D3_high_hard_external,64,0.5762774930856378,0.5780146891058372,0.0637262608400164,0.8733616567217051,0.8721277235336158,0.05874017267772272,1.5918927109447132,1.6438264692622044,0.35609810702221883,2.0794415416798357,62638,5000,64
fiqa_fixed_query,bge-m3,D0_original,64,0.6339608372501576,0.6354866866835878,0.0498706833488714,0.8294136988188471,0.8272298133325058,0.055378915919402444,1.9721720215199463,1.9986922281387072,0.10708117940626041,2.0794415416798357,57638,0,64
fiqa_fixed_query,bge-m3,D1_random_external,64,0.6288231030013953,0.6324547157543051,0.050271261831836285,0.8353566471663654,0.8339444534864086,0.05555292454520764,1.9836090054393034,2.0053865442223042,0.08211319056458653,2.0794415416798357,58638,1000,64
fiqa_fixed_query,bge-m3,D2_hard_external,64,0.6288298805074303,0.6345487336237204,0.05061828083022939,0.8350401338255631,0.829525466703144,0.05618421788109465,1.9914296316541755,2.0115393431727218,0.09620324844223319,2.0794415416798357,58638,1000,64
fiqa_fixed_query,bge-m3,D3_high_hard_external,64,0.6281173299767278,0.6272562617099754,0.050431355052679795,0.8357351876405217,0.8370366638695376,0.0563011184055421,1.9834493755139362,2.0081535118506215,0.08661813165702366,2.0794415416798357,62638,5000,64
fiqa_fixed_query,e5,D0_original,64,0.8775106978778815,0.8783204876837242,0.014362969277630535,0.4897870049815868,0.48929182694683093,0.028255619781630974,2.071454749970019,2.071998848706528,0.006230895822347601,2.0794415416798357,57638,0,64
fiqa_fixed_query,e5,D1_random_external,64,0.8780279592834576,0.8784493738401341,0.013930486647371577,0.4885623724238218,0.48859785530574795,0.02742330250657087,2.070878905730366,2.0722976347224957,0.006822440951098628,2.0794415416798357,58638,1000,64
fiqa_fixed_query,e5,D2_hard_external,64,0.8774084351297714,0.8785493327646541,0.0137526560146856,0.49012928517611704,0.48833863102605435,0.026998425100592482,2.0721386864756046,2.073580554422224,0.0060453813155905934,2.0794415416798357,58638,1000,64
fiqa_fixed_query,e5,D3_high_hard_external,64,0.8775875208953823,0.8788698329498851,0.013509955995956991,0.4895520129307602,0.48749564742272733,0.02659709993348668,2.0710444716533427,2.071906455398273,0.005961139797197236,2.0794415416798357,62638,5000,64
