dataset,model,variant,queries,cos_q_g_mean,cos_q_g_median,cos_q_g_std,distance_g_q_mean,distance_g_q_median,distance_g_q_std,entropy_mean,entropy_median,entropy_std,entropy_max_log_top_m
fiqa,qwen3,original,648,0.5809619580947789,0.5846910054105474,0.06280740986006578,0.8680903050357295,0.8682458800884629,0.05953507467656801,1.6372299858308546,1.694749297206086,0.3132562853933071,2.0794415416798357
arguana,qwen3,original,211,0.6354508893546741,0.6355903880086142,0.05201860420426528,0.8094908054002677,0.8104423983439404,0.05203531114314196,1.4127308640447651,1.453303420092698,0.3992681127248696,2.0794415416798357
scifact,qwen3,original,45,0.5810942594642894,0.5995313528488945,0.06729317632459102,0.8662855155057738,0.8539068602005137,0.060479035624843,1.7308264902856467,1.8139850152013715,0.28076250798487423,2.0794415416798357
nfcorpus,qwen3,original,49,0.44752965320485855,0.453289074848436,0.12034294378785014,0.9758356230447199,0.9769176451839604,0.09941176915695811,1.901678820056955,1.9933514666512324,0.2275789102347143,2.0794415416798357
fiqa,bge-m3,original,648,0.632044415198619,0.6347377824128886,0.052172740202393285,0.8313370794747404,0.8300782913738813,0.05770451756557043,1.9780184786031128,2.0023866036009754,0.089153096201375,2.0794415416798357
arguana,bge-m3,original,211,0.7768467787605875,0.7783871731015304,0.03762531438566631,0.6477891499832759,0.6489869021391751,0.053307865362772176,1.901955083800323,1.9421780481893536,0.1385285997509869,2.0794415416798357
scifact,bge-m3,original,45,0.6287222483499578,0.6240346754310987,0.040255369643606556,0.8367522638366703,0.8405748487890701,0.044740645294494875,2.020060561236873,2.049644136249323,0.059675723056242934,2.0794415416798357
nfcorpus,bge-m3,original,49,0.5480217692234797,0.5766390912261088,0.08724851385896729,0.9147747905171599,0.8917305983619479,0.0842687739948323,2.0392582794994008,2.0576217441667652,0.048384804165659254,2.0794415416798357
fiqa,e5,original,648,0.8774744408840883,0.8794138675095542,0.015693731368703907,0.4897718865743044,0.4867284553602921,0.030770895961729407,2.069978067066795,2.0716437493322206,0.006773248021637132,2.0794415416798357
arguana,e5,original,211,0.859862018660555,0.8605437219391096,0.010982335769810569,0.5231444784390892,0.5221408638863807,0.020334665713351994,2.066937726635181,2.068066114861733,0.007983745061174136,2.0794415416798357
scifact,e5,original,45,0.8550272176639592,0.8603372767647982,0.018294956877811033,0.5326113089890733,0.5242935225096059,0.032644802348251546,2.068305987850037,2.0710001191641334,0.009451588702928995,2.0794415416798357
nfcorpus,e5,original,49,0.8490054266202408,0.8517951247890233,0.026780000251661135,0.5416060345192026,0.5391190244514815,0.048076240941778474,2.072992492666481,2.0749593629335252,0.005176055027168226,2.0794415416798357
