dataset,model,lambda,lambda_in_existing_parquet,HitRate@5,HitRate@10,Recall@5,Recall@10,MRR@10,NDCG@10,num_queries,correction_available_queries
fiqa,Qwen3,0.0,True,0.6759259259259259,0.75,0.45208036133962054,0.5453282785458712,0.550733024691358,0.46796898407580273,648,648
fiqa,Qwen3,0.01,True,0.6882716049382716,0.7731481481481481,0.46185402389106084,0.5594357888339371,0.5646800901430531,0.4790799217800114,648,648
fiqa,Qwen3,0.02,True,0.7052469135802469,0.7839506172839507,0.4756657522861226,0.5686583050008975,0.5827766754850089,0.4905779707272237,648,648
fiqa,Qwen3,0.05,True,0.7484567901234568,0.8225308641975309,0.5020032008457933,0.598456952855101,0.632543969233784,0.523948609709644,648,648
fiqa,Qwen3,0.1,True,0.8271604938271605,0.8827160493827161,0.5578306552843589,0.6394163149950186,0.715625,0.5805124366479828,648,648
fiqa,Qwen3,0.2,True,0.9475308641975309,0.9753086419753086,0.644397993124845,0.7162075407445777,0.8690335341955712,0.6872896522996998,648,648
fiqa,Qwen3,0.3,False,0.9969135802469136,0.9969135802469136,0.6863487121588974,0.7401364796040723,0.972608024691358,0.7556805268491565,648,648
fiqa,Qwen3,0.5,False,1.0,1.0,0.6993270789567086,0.7567339467802431,1.0,0.7810174833489141,648,648
fiqa,Qwen3,0.75,False,1.0,1.0,0.6975272798189465,0.7525084911658986,1.0,0.7800398602736227,648,648
fiqa,Qwen3,1.0,False,1.0,1.0,0.6959657926093111,0.7424023978422127,1.0,0.7738768736216637,648,648
fiqa,BGE-M3,0.0,True,0.6157407407407407,0.6805555555555556,0.40038895432413946,0.47334963561815413,0.5037814765824025,0.4132489609242356,648,648
fiqa,BGE-M3,0.01,True,0.6311728395061729,0.6959876543209876,0.40894090905664976,0.48155436812844216,0.520026822457378,0.42434302069310653,648,648
fiqa,BGE-M3,0.02,True,0.6450617283950617,0.7098765432098766,0.4194090160525346,0.4920782021476466,0.5342212913972172,0.43497774052127136,648,648
fiqa,BGE-M3,0.05,True,0.6944444444444444,0.7592592592592593,0.4493325904205534,0.5227740495101606,0.5832224916715658,0.4682704336425513,648,648
fiqa,BGE-M3,0.1,True,0.7731481481481481,0.8395061728395061,0.49850097176486063,0.5779713599158044,0.6771696796002351,0.5330964939174734,648,648
fiqa,BGE-M3,0.2,True,0.9212962962962963,0.9506172839506173,0.608518975880087,0.6697567350345128,0.8529400597687634,0.653885013344506,648,648
fiqa,BGE-M3,0.3,False,0.9953703703703703,0.9969135802469136,0.6699111716472828,0.7181174749461786,0.9730881344307271,0.7414638785537729,648,648
fiqa,BGE-M3,0.5,False,1.0,1.0,0.6836315990251175,0.7419000538213502,1.0,0.7720002131341723,648,648
fiqa,BGE-M3,0.75,False,1.0,1.0,0.6910279835048354,0.7370947639466158,1.0,0.7718231453704473,648,648
fiqa,BGE-M3,1.0,False,1.0,1.0,0.682964711899897,0.7273829908089168,1.0,0.7642220465132458,648,648
fiqa,E5,0.0,True,0.6033950617283951,0.683641975308642,0.38963848223107483,0.47050885928200736,0.4776816333529297,0.3986663557596119,648,648
fiqa,E5,0.01,True,0.6280864197530864,0.7021604938271605,0.40521387905647166,0.4861595794466165,0.5030368165784833,0.4165896536484267,648,648
fiqa,E5,0.02,True,0.6404320987654321,0.7345679012345679,0.4147732069028366,0.5074730225193188,0.5268904320987654,0.43413145541180553,648,648
fiqa,E5,0.05,True,0.720679012345679,0.7870370370370371,0.462937889442519,0.5401137485628226,0.5955332647462277,0.4783293760596128,648,648
fiqa,E5,0.1,True,0.8287037037037037,0.8858024691358025,0.5353162698070106,0.6059806405871221,0.7132036302175191,0.5575798614225376,648,648
fiqa,E5,0.2,True,0.9645061728395061,0.9799382716049383,0.638934239628684,0.6938229637303711,0.9115667254556143,0.6927030045959495,648,648
fiqa,E5,0.3,False,1.0,1.0,0.6804399432871655,0.7216650419196715,0.9931841563786007,0.7561566824901218,648,648
fiqa,E5,0.5,False,1.0,1.0,0.6932657320388802,0.7434266565053602,1.0,0.773625654715276,648,648
fiqa,E5,0.75,False,1.0,1.0,0.69570603008103,0.7406795921842217,1.0,0.774785777820131,648,648
fiqa,E5,1.0,False,1.0,1.0,0.6930047061991507,0.725066227496783,1.0,0.7666718659456228,648,648
arguana,Qwen3,0.0,True,0.810099573257468,0.9203413940256046,0.810099573257468,0.9203413940256046,0.3498430761588656,0.49109970696668126,1406,1401
arguana,Qwen3,0.01,True,0.8243243243243243,0.9295874822190612,0.8243243243243243,0.9295874822190612,0.3562704621915148,0.49842121055516353,1406,1401
arguana,Qwen3,0.02,True,0.8328591749644382,0.9374110953058321,0.8328591749644382,0.9374110953058321,0.3634559371401476,0.5059894004934079,1406,1401
arguana,Qwen3,0.05,True,0.8627311522048364,0.9530583214793741,0.8627311522048364,0.9530583214793741,0.3815157262525683,0.5242957386709014,1406,1401
arguana,Qwen3,0.1,True,0.9139402560455192,0.9751066856330014,0.9139402560455192,0.9751066856330014,0.4120286640023482,0.5542147312878781,1406,1401
arguana,Qwen3,0.2,True,0.9751066856330014,0.9921763869132291,0.9751066856330014,0.9921763869132291,0.45543645148908307,0.5934413142510697,1406,1401
arguana,Qwen3,0.3,False,0.9957325746799431,0.9964438122332859,0.9957325746799431,0.9964438122332859,0.4851944049312471,0.6181137616652753,1406,1401
arguana,Qwen3,0.5,False,0.9964438122332859,0.9964438122332859,0.9964438122332859,0.9964438122332859,0.845424371740161,0.884857782305434,1406,1401
arguana,Qwen3,0.75,False,0.9964438122332859,0.9964438122332859,0.9964438122332859,0.9964438122332859,0.9790184921763869,0.983581477898294,1406,1401
arguana,Qwen3,1.0,False,0.9964438122332859,0.9964438122332859,0.9964438122332859,0.9964438122332859,0.9811522048364154,0.9851564576127828,1406,1401
arguana,BGE-M3,0.0,True,0.6386913229018493,0.8065433854907539,0.6386913229018493,0.8065433854907539,0.2669443879970196,0.3975277382088579,1406,1401
arguana,BGE-M3,0.01,True,0.6493598862019915,0.8214793741109531,0.6493598862019915,0.8214793741109531,0.27489839463523674,0.4073236932855255,1406,1401
arguana,BGE-M3,0.02,True,0.6614509246088194,0.8321479374110953,0.6614509246088194,0.8321479374110953,0.28266499582289056,0.41610364526407434,1406,1401
arguana,BGE-M3,0.05,True,0.7183499288762447,0.871977240398293,0.7183499288762447,0.871977240398293,0.30824809772178197,0.4459157604338028,1406,1401
arguana,BGE-M3,0.1,True,0.8001422475106685,0.9253200568990043,0.8001422475106685,0.9253200568990043,0.3481744902797534,0.49073889643378454,1406,1401
arguana,BGE-M3,0.2,True,0.9310099573257468,0.9822190611664295,0.9310099573257468,0.9822190611664295,0.4205987942830048,0.5629149673305017,1406,1401
arguana,BGE-M3,0.3,False,0.9850640113798008,0.9957325746799431,0.9850640113798008,0.9957325746799431,0.4680383390909707,0.6045028328062843,1406,1401
arguana,BGE-M3,0.5,False,0.9964438122332859,0.9964438122332859,0.9964438122332859,0.9964438122332859,0.5619369369369369,0.6754637126327729,1406,1401
arguana,BGE-M3,0.75,False,0.9964438122332859,0.9964438122332859,0.9964438122332859,0.9964438122332859,0.9850640113798008,0.988043920422679,1406,1401
arguana,BGE-M3,1.0,False,0.9964438122332859,0.9964438122332859,0.9964438122332859,0.9964438122332859,0.9946657183499289,0.9951313291378785,1406,1401
arguana,E5,0.0,True,0.5056899004267426,0.682076813655761,0.5056899004267426,0.682076813655761,0.21784444218654744,0.32938953525120884,1406,1401
arguana,E5,0.01,True,0.5320056899004267,0.7069701280227596,0.5320056899004267,0.7069701280227596,0.22858046015940753,0.3437861099422687,1406,1401
arguana,E5,0.02,True,0.5633001422475107,0.7368421052631579,0.5633001422475107,0.7368421052631579,0.2414659960712592,0.3609663467998191,1406,1401
arguana,E5,0.05,True,0.6500711237553343,0.8058321479374111,0.6500711237553343,0.8058321479374111,0.2782448802185644,0.40662088364047866,1406,1401
arguana,E5,0.1,True,0.7816500711237553,0.8968705547652916,0.7816500711237553,0.8968705547652916,0.3390590778748674,0.476953702383728,1406,1401
arguana,E5,0.2,True,0.9459459459459459,0.9857752489331437,0.9459459459459459,0.9857752489331437,0.4346790399421978,0.5750843456190711,1406,1401
arguana,E5,0.3,False,0.9943100995732574,0.9964438122332859,0.9943100995732574,0.9964438122332859,0.4809456072613967,0.6148630417610049,1406,1401
arguana,E5,0.5,False,0.9964438122332859,0.9964438122332859,0.9964438122332859,0.9964438122332859,0.7962304409672831,0.8485401267146014,1406,1401
arguana,E5,0.75,False,0.9964438122332859,0.9964438122332859,0.9964438122332859,0.9964438122332859,0.9804409672830725,0.9846314643746198,1406,1401
arguana,E5,1.0,False,0.9964438122332859,0.9964438122332859,0.9964438122332859,0.9964438122332859,0.9793741109530584,0.9838439745173755,1406,1401
