dataset,model,metric,baseline,best_value,absolute_gain,best_lambda,best_lambda_in_existing_parquet
arguana,BGE-M3,HitRate@5,0.6386913229018493,0.9964438122332859,0.35775248933143666,0.5,False
arguana,BGE-M3,HitRate@10,0.8065433854907539,0.9964438122332859,0.18990042674253205,0.5,False
arguana,BGE-M3,Recall@5,0.6386913229018493,0.9964438122332859,0.35775248933143666,0.5,False
arguana,BGE-M3,Recall@10,0.8065433854907539,0.9964438122332859,0.18990042674253205,0.5,False
arguana,BGE-M3,MRR@10,0.2669443879970196,0.9946657183499289,0.7277213303529093,1.0,False
arguana,BGE-M3,NDCG@10,0.3975277382088579,0.9951313291378785,0.5976035909290206,1.0,False
arguana,E5,HitRate@5,0.5056899004267426,0.9964438122332859,0.4907539118065434,0.5,False
arguana,E5,HitRate@10,0.682076813655761,0.9964438122332859,0.3143669985775249,0.3,False
arguana,E5,Recall@5,0.5056899004267426,0.9964438122332859,0.4907539118065434,0.5,False
arguana,E5,Recall@10,0.682076813655761,0.9964438122332859,0.3143669985775249,0.3,False
arguana,E5,MRR@10,0.21784444218654744,0.9804409672830725,0.7625965250965251,0.75,False
arguana,E5,NDCG@10,0.32938953525120884,0.9846314643746198,0.655241929123411,0.75,False
arguana,Qwen3,HitRate@5,0.810099573257468,0.9964438122332859,0.18634423897581798,0.5,False
arguana,Qwen3,HitRate@10,0.9203413940256046,0.9964438122332859,0.07610241820768138,0.3,False
arguana,Qwen3,Recall@5,0.810099573257468,0.9964438122332859,0.18634423897581798,0.5,False
arguana,Qwen3,Recall@10,0.9203413940256046,0.9964438122332859,0.07610241820768138,0.3,False
arguana,Qwen3,MRR@10,0.3498430761588656,0.9811522048364154,0.6313091286775498,1.0,False
arguana,Qwen3,NDCG@10,0.49109970696668126,0.9851564576127828,0.49405675064610155,1.0,False
fiqa,BGE-M3,HitRate@5,0.6157407407407407,1.0,0.3842592592592593,0.5,False
fiqa,BGE-M3,HitRate@10,0.6805555555555556,1.0,0.3194444444444444,0.5,False
fiqa,BGE-M3,Recall@5,0.40038895432413946,0.6910279835048354,0.29063902918069595,0.75,False
fiqa,BGE-M3,Recall@10,0.47334963561815413,0.7419000538213502,0.26855041820319603,0.5,False
fiqa,BGE-M3,MRR@10,0.5037814765824025,1.0,0.49621852341759753,0.5,False
fiqa,BGE-M3,NDCG@10,0.4132489609242356,0.7720002131341723,0.35875125220993676,0.5,False
fiqa,E5,HitRate@5,0.6033950617283951,1.0,0.3966049382716049,0.3,False
fiqa,E5,HitRate@10,0.683641975308642,1.0,0.316358024691358,0.3,False
fiqa,E5,Recall@5,0.38963848223107483,0.69570603008103,0.3060675478499552,0.75,False
fiqa,E5,Recall@10,0.47050885928200736,0.7434266565053602,0.27291779722335285,0.5,False
fiqa,E5,MRR@10,0.4776816333529297,1.0,0.5223183666470703,0.5,False
fiqa,E5,NDCG@10,0.3986663557596119,0.774785777820131,0.3761194220605191,0.75,False
fiqa,Qwen3,HitRate@5,0.6759259259259259,1.0,0.32407407407407407,0.5,False
fiqa,Qwen3,HitRate@10,0.75,1.0,0.25,0.5,False
fiqa,Qwen3,Recall@5,0.45208036133962054,0.6993270789567086,0.2472467176170881,0.5,False
fiqa,Qwen3,Recall@10,0.5453282785458712,0.7567339467802431,0.2114056682343719,0.5,False
fiqa,Qwen3,MRR@10,0.550733024691358,1.0,0.449266975308642,0.5,False
fiqa,Qwen3,NDCG@10,0.46796898407580273,0.7810174833489141,0.31304849927311135,0.5,False
