dataset,model,lambda,lambda_in_existing_parquet,HitRate@5,HitRate@10,Recall@5,Recall@10,MRR@10,NDCG@10,num_queries,correction_available_queries,delta_HitRate@5,delta_HitRate@10,delta_Recall@5,delta_Recall@10,delta_MRR@10,delta_NDCG@10
fiqa,Qwen3,0.0,True,0.6759259259259259,0.75,0.45208036133962054,0.5453282785458712,0.550733024691358,0.46796898407580273,648,648,0.0,0.0,0.0,0.0,0.0,0.0
fiqa,Qwen3,0.01,True,0.6882716049382716,0.7731481481481481,0.46185402389106084,0.5594357888339371,0.5646800901430531,0.4790799217800114,648,648,0.012345679012345623,0.02314814814814814,0.009773662551440299,0.014107510288065894,0.013947065451695106,0.011110937704208679
fiqa,Qwen3,0.02,True,0.7052469135802469,0.7839506172839507,0.4756657522861226,0.5686583050008975,0.5827766754850089,0.4905779707272237,648,648,0.029320987654321007,0.03395061728395066,0.023585390946502083,0.023330026455026354,0.0320436507936509,0.02260898665142097
fiqa,Qwen3,0.05,True,0.7484567901234568,0.8225308641975309,0.5020032008457933,0.598456952855101,0.632543969233784,0.523948609709644,648,648,0.07253086419753085,0.07253086419753085,0.04992283950617277,0.05312867430922985,0.08181094454242599,0.055979625633841235
fiqa,Qwen3,0.1,True,0.8271604938271605,0.8827160493827161,0.5578306552843589,0.6394163149950186,0.715625,0.5805124366479828,648,648,0.15123456790123457,0.13271604938271608,0.1057502939447384,0.09408803644914743,0.16489197530864197,0.11254345257218007
fiqa,Qwen3,0.2,True,0.9475308641975309,0.9753086419753086,0.644397993124845,0.7162075407445777,0.8690335341955712,0.6872896522996998,648,648,0.2716049382716049,0.22530864197530864,0.19231763178522449,0.17087926219870653,0.3183005095042132,0.21932066822389712
fiqa,Qwen3,0.3,False,0.9969135802469136,0.9969135802469136,0.6863487121588974,0.7401364796040723,0.972608024691358,0.7556805268491565,648,648,0.32098765432098764,0.24691358024691357,0.23426835081927683,0.19480820105820107,0.421875,0.2877115427733538
fiqa,Qwen3,0.5,False,1.0,1.0,0.6993270789567086,0.7567339467802431,1.0,0.7810174833489141,648,648,0.32407407407407407,0.25,0.2472467176170881,0.2114056682343719,0.449266975308642,0.31304849927311135
fiqa,Qwen3,0.75,False,1.0,1.0,0.6975272798189465,0.7525084911658986,1.0,0.7800398602736227,648,648,0.32407407407407407,0.25,0.24544691847932593,0.2071802126200274,0.449266975308642,0.31207087619782
fiqa,Qwen3,1.0,False,1.0,1.0,0.6959657926093111,0.7424023978422127,1.0,0.7738768736216637,648,648,0.32407407407407407,0.25,0.2438854312696906,0.19707411929634155,0.449266975308642,0.30590788954586096
fiqa,BGE-M3,0.0,True,0.6157407407407407,0.6805555555555556,0.40038895432413946,0.47334963561815413,0.5037814765824025,0.4132489609242356,648,648,0.0,0.0,0.0,0.0,0.0,0.0
fiqa,BGE-M3,0.01,True,0.6311728395061729,0.6959876543209876,0.40894090905664976,0.48155436812844216,0.520026822457378,0.42434302069310653,648,648,0.015432098765432167,0.015432098765432056,0.008551954732510303,0.008204732510288026,0.016245345874975503,0.011094059768870956
fiqa,BGE-M3,0.02,True,0.6450617283950617,0.7098765432098766,0.4194090160525346,0.4920782021476466,0.5342212913972172,0.43497774052127136,648,648,0.029320987654321007,0.029320987654321007,0.019020061728395155,0.018728566529492452,0.030439814814814725,0.021728779597035786
fiqa,BGE-M3,0.05,True,0.6944444444444444,0.7592592592592593,0.4493325904205534,0.5227740495101606,0.5832224916715658,0.4682704336425513,648,648,0.07870370370370372,0.07870370370370372,0.048943636096413945,0.04942441389200647,0.07944101508916335,0.0550214727183157
fiqa,BGE-M3,0.1,True,0.7731481481481481,0.8395061728395061,0.49850097176486063,0.5779713599158044,0.6771696796002351,0.5330964939174734,648,648,0.15740740740740744,0.15895061728395055,0.09811201744072118,0.10462172429765026,0.17338820301783264,0.1198475329932378
fiqa,BGE-M3,0.2,True,0.9212962962962963,0.9506172839506173,0.608518975880087,0.6697567350345128,0.8529400597687634,0.653885013344506,648,648,0.3055555555555556,0.2700617283950617,0.2081300215559475,0.1964070994163587,0.34915858318636095,0.24063605242027042
fiqa,BGE-M3,0.3,False,0.9953703703703703,0.9969135802469136,0.6699111716472828,0.7181174749461786,0.9730881344307271,0.7414638785537729,648,648,0.37962962962962965,0.316358024691358,0.2695222173231433,0.24476783932802448,0.4693066578483246,0.32821491762953736
fiqa,BGE-M3,0.5,False,1.0,1.0,0.6836315990251175,0.7419000538213502,1.0,0.7720002131341723,648,648,0.3842592592592593,0.3194444444444444,0.28324264470097804,0.26855041820319603,0.49621852341759753,0.35875125220993676
fiqa,BGE-M3,0.75,False,1.0,1.0,0.6910279835048354,0.7370947639466158,1.0,0.7718231453704473,648,648,0.3842592592592593,0.3194444444444444,0.29063902918069595,0.26374512832846164,0.49621852341759753,0.3585741844462117
fiqa,BGE-M3,1.0,False,1.0,1.0,0.682964711899897,0.7273829908089168,1.0,0.7642220465132458,648,648,0.3842592592592593,0.3194444444444444,0.2825757575757576,0.25403335519076264,0.49621852341759753,0.3509730855890102
fiqa,E5,0.0,True,0.6033950617283951,0.683641975308642,0.38963848223107483,0.47050885928200736,0.4776816333529297,0.3986663557596119,648,648,0.0,0.0,0.0,0.0,0.0,0.0
fiqa,E5,0.01,True,0.6280864197530864,0.7021604938271605,0.40521387905647166,0.4861595794466165,0.5030368165784833,0.4165896536484267,648,648,0.024691358024691357,0.01851851851851849,0.015575396825396826,0.01565072016460911,0.025355183225553635,0.017923297888814804
fiqa,E5,0.02,True,0.6404320987654321,0.7345679012345679,0.4147732069028366,0.5074730225193188,0.5268904320987654,0.43413145541180553,648,648,0.03703703703703698,0.05092592592592593,0.025134724671761755,0.03696416323731144,0.049208798745835725,0.03546509965219363
fiqa,E5,0.05,True,0.720679012345679,0.7870370370370371,0.462937889442519,0.5401137485628226,0.5955332647462277,0.4783293760596128,648,648,0.11728395061728392,0.10339506172839508,0.07329940721144418,0.06960488928081521,0.11785163139329802,0.07966302030000089
fiqa,E5,0.1,True,0.8287037037037037,0.8858024691358025,0.5353162698070106,0.6059806405871221,0.7132036302175191,0.5575798614225376,648,648,0.22530864197530864,0.2021604938271605,0.1456777875759358,0.13547178130511472,0.2355219968645894,0.15891350566292567
fiqa,E5,0.2,True,0.9645061728395061,0.9799382716049383,0.638934239628684,0.6938229637303711,0.9115667254556143,0.6927030045959495,648,648,0.36111111111111105,0.2962962962962963,0.24929575739760917,0.22331410444836375,0.43388509210268467,0.29403664883633757
fiqa,E5,0.3,False,1.0,1.0,0.6804399432871655,0.7216650419196715,0.9931841563786007,0.7561566824901218,648,648,0.3966049382716049,0.316358024691358,0.29080146105609067,0.25115618263766415,0.515502523025671,0.3574903267305099
fiqa,E5,0.5,False,1.0,1.0,0.6932657320388802,0.7434266565053602,1.0,0.773625654715276,648,648,0.3966049382716049,0.316358024691358,0.30362724980780537,0.27291779722335285,0.5223183666470703,0.3749592989556641
fiqa,E5,0.75,False,1.0,1.0,0.69570603008103,0.7406795921842217,1.0,0.774785777820131,648,648,0.3966049382716049,0.316358024691358,0.3060675478499552,0.2701707329022144,0.5223183666470703,0.3761194220605191
fiqa,E5,1.0,False,1.0,1.0,0.6930047061991507,0.725066227496783,1.0,0.7666718659456228,648,648,0.3966049382716049,0.316358024691358,0.30336622396807583,0.2545573682147756,0.5223183666470703,0.36800551018601085
arguana,Qwen3,0.0,True,0.810099573257468,0.9203413940256046,0.810099573257468,0.9203413940256046,0.3498430761588656,0.49109970696668126,1406,1401,0.0,0.0,0.0,0.0,0.0,0.0
arguana,Qwen3,0.01,True,0.8243243243243243,0.9295874822190612,0.8243243243243243,0.9295874822190612,0.3562704621915148,0.49842121055516353,1406,1401,0.01422475106685639,0.009246088193456625,0.01422475106685639,0.009246088193456625,0.006427386032649196,0.00732150358848227
arguana,Qwen3,0.02,True,0.8328591749644382,0.9374110953058321,0.8328591749644382,0.9374110953058321,0.3634559371401476,0.5059894004934079,1406,1401,0.022759601706970223,0.017069701280227556,0.022759601706970223,0.017069701280227556,0.013612860981282005,0.014889693526726644
arguana,Qwen3,0.05,True,0.8627311522048364,0.9530583214793741,0.8627311522048364,0.9530583214793741,0.3815157262525683,0.5242957386709014,1406,1401,0.052631578947368474,0.03271692745376953,0.052631578947368474,0.03271692745376953,0.03167265009370268,0.03319603170422014
arguana,Qwen3,0.1,True,0.9139402560455192,0.9751066856330014,0.9139402560455192,0.9751066856330014,0.4120286640023482,0.5542147312878781,1406,1401,0.10384068278805125,0.05476529160739685,0.10384068278805125,0.05476529160739685,0.062185587843482604,0.06311502432119687
arguana,Qwen3,0.2,True,0.9751066856330014,0.9921763869132291,0.9751066856330014,0.9921763869132291,0.45543645148908307,0.5934413142510697,1406,1401,0.16500711237553345,0.07183499288762452,0.16500711237553345,0.07183499288762452,0.10559337533021745,0.10234160728438846
arguana,Qwen3,0.3,False,0.9957325746799431,0.9964438122332859,0.9957325746799431,0.9964438122332859,0.4851944049312471,0.6181137616652753,1406,1401,0.18563300142247519,0.07610241820768138,0.18563300142247519,0.07610241820768138,0.13535132877238149,0.12701405469859406
arguana,Qwen3,0.5,False,0.9964438122332859,0.9964438122332859,0.9964438122332859,0.9964438122332859,0.845424371740161,0.884857782305434,1406,1401,0.18634423897581798,0.07610241820768138,0.18634423897581798,0.07610241820768138,0.49558129558129543,0.39375807533875273
arguana,Qwen3,0.75,False,0.9964438122332859,0.9964438122332859,0.9964438122332859,0.9964438122332859,0.9790184921763869,0.983581477898294,1406,1401,0.18634423897581798,0.07610241820768138,0.18634423897581798,0.07610241820768138,0.6291754160175214,0.4924817709316127
arguana,Qwen3,1.0,False,0.9964438122332859,0.9964438122332859,0.9964438122332859,0.9964438122332859,0.9811522048364154,0.9851564576127828,1406,1401,0.18634423897581798,0.07610241820768138,0.18634423897581798,0.07610241820768138,0.6313091286775498,0.49405675064610155
arguana,BGE-M3,0.0,True,0.6386913229018493,0.8065433854907539,0.6386913229018493,0.8065433854907539,0.2669443879970196,0.3975277382088579,1406,1401,0.0,0.0,0.0,0.0,0.0,0.0
arguana,BGE-M3,0.01,True,0.6493598862019915,0.8214793741109531,0.6493598862019915,0.8214793741109531,0.27489839463523674,0.4073236932855255,1406,1401,0.010668563300142209,0.014935988620199181,0.010668563300142209,0.014935988620199181,0.00795400663821716,0.009795955076667584
arguana,BGE-M3,0.02,True,0.6614509246088194,0.8321479374110953,0.6614509246088194,0.8321479374110953,0.28266499582289056,0.41610364526407434,1406,1401,0.022759601706970112,0.02560455192034139,0.022759601706970112,0.02560455192034139,0.01572060782587098,0.018575907055216445
arguana,BGE-M3,0.05,True,0.7183499288762447,0.871977240398293,0.7183499288762447,0.871977240398293,0.30824809772178197,0.4459157604338028,1406,1401,0.07965860597439545,0.06543385490753917,0.07965860597439545,0.06543385490753917,0.04130370972476238,0.04838802222494493
arguana,BGE-M3,0.1,True,0.8001422475106685,0.9253200568990043,0.8001422475106685,0.9253200568990043,0.3481744902797534,0.49073889643378454,1406,1401,0.16145092460881927,0.11877667140825043,0.16145092460881927,0.11877667140825043,0.08123010228273381,0.09321115822492665
arguana,BGE-M3,0.2,True,0.9310099573257468,0.9822190611664295,0.9310099573257468,0.9822190611664295,0.4205987942830048,0.5629149673305017,1406,1401,0.2923186344238975,0.17567567567567566,0.2923186344238975,0.17567567567567566,0.1536544062859852,0.16538722912164383
arguana,BGE-M3,0.3,False,0.9850640113798008,0.9957325746799431,0.9850640113798008,0.9957325746799431,0.4680383390909707,0.6045028328062843,1406,1401,0.34637268847795155,0.18918918918918926,0.34637268847795155,0.18918918918918926,0.20109395109395112,0.20697509459742636
arguana,BGE-M3,0.5,False,0.9964438122332859,0.9964438122332859,0.9964438122332859,0.9964438122332859,0.5619369369369369,0.6754637126327729,1406,1401,0.35775248933143666,0.18990042674253205,0.35775248933143666,0.18990042674253205,0.29499254893991733,0.27793597442391504
arguana,BGE-M3,0.75,False,0.9964438122332859,0.9964438122332859,0.9964438122332859,0.9964438122332859,0.9850640113798008,0.988043920422679,1406,1401,0.35775248933143666,0.18990042674253205,0.35775248933143666,0.18990042674253205,0.7181196233827812,0.5905161822138211
arguana,BGE-M3,1.0,False,0.9964438122332859,0.9964438122332859,0.9964438122332859,0.9964438122332859,0.9946657183499289,0.9951313291378785,1406,1401,0.35775248933143666,0.18990042674253205,0.35775248933143666,0.18990042674253205,0.7277213303529093,0.5976035909290206
arguana,E5,0.0,True,0.5056899004267426,0.682076813655761,0.5056899004267426,0.682076813655761,0.21784444218654744,0.32938953525120884,1406,1401,0.0,0.0,0.0,0.0,0.0,0.0
arguana,E5,0.01,True,0.5320056899004267,0.7069701280227596,0.5320056899004267,0.7069701280227596,0.22858046015940753,0.3437861099422687,1406,1401,0.02631578947368418,0.024893314366998598,0.02631578947368418,0.024893314366998598,0.010736017972860085,0.014396574691059871
arguana,E5,0.02,True,0.5633001422475107,0.7368421052631579,0.5633001422475107,0.7368421052631579,0.2414659960712592,0.3609663467998191,1406,1401,0.05761024182076813,0.05476529160739685,0.05761024182076813,0.05476529160739685,0.023621553884711766,0.03157681154861025
arguana,E5,0.05,True,0.6500711237553343,0.8058321479374111,0.6500711237553343,0.8058321479374111,0.2782448802185644,0.40662088364047866,1406,1401,0.1443812233285917,0.12375533428165009,0.1443812233285917,0.12375533428165009,0.06040043803201697,0.07723134838926982
arguana,E5,0.1,True,0.7816500711237553,0.8968705547652916,0.7816500711237553,0.8968705547652916,0.3390590778748674,0.476953702383728,1406,1401,0.27596017069701273,0.21479374110953064,0.27596017069701273,0.21479374110953064,0.12121463568831994,0.14756416713251913
arguana,E5,0.2,True,0.9459459459459459,0.9857752489331437,0.9459459459459459,0.9857752489331437,0.4346790399421978,0.5750843456190711,1406,1401,0.4402560455192034,0.3036984352773827,0.4402560455192034,0.3036984352773827,0.21683459775565037,0.24569481036786223
arguana,E5,0.3,False,0.9943100995732574,0.9964438122332859,0.9943100995732574,0.9964438122332859,0.4809456072613967,0.6148630417610049,1406,1401,0.4886201991465149,0.3143669985775249,0.4886201991465149,0.3143669985775249,0.26310116507484926,0.2854735065097961
arguana,E5,0.5,False,0.9964438122332859,0.9964438122332859,0.9964438122332859,0.9964438122332859,0.7962304409672831,0.8485401267146014,1406,1401,0.4907539118065434,0.3143669985775249,0.4907539118065434,0.3143669985775249,0.5783859987807357,0.5191505914633926
arguana,E5,0.75,False,0.9964438122332859,0.9964438122332859,0.9964438122332859,0.9964438122332859,0.9804409672830725,0.9846314643746198,1406,1401,0.4907539118065434,0.3143669985775249,0.4907539118065434,0.3143669985775249,0.7625965250965251,0.655241929123411
arguana,E5,1.0,False,0.9964438122332859,0.9964438122332859,0.9964438122332859,0.9964438122332859,0.9793741109530584,0.9838439745173755,1406,1401,0.4907539118065434,0.3143669985775249,0.4907539118065434,0.3143669985775249,0.761529668766511,0.6544544392661666
