dataset,model,variant,rank,cumulative_explained_variance_ratio
fiqa,Qwen3,delta_star,16,0.19403690365708703
fiqa,Qwen3,delta_star,32,0.3208934007050931
fiqa,Qwen3,delta_star,64,0.4967515074945545
fiqa,Qwen3,delta_star,128,0.7076162247841119
fiqa,Qwen3,delta_star,256,0.8967266704260121
fiqa,Qwen3,delta_star_q_orthogonal_unit,16,0.22179330826511987
fiqa,Qwen3,delta_star_q_orthogonal_unit,32,0.34715345085998234
fiqa,Qwen3,delta_star_q_orthogonal_unit,64,0.5155386068876803
fiqa,Qwen3,delta_star_q_orthogonal_unit,128,0.7160514020043169
fiqa,Qwen3,delta_star_q_orthogonal_unit,256,0.8981783782509026
fiqa,BGE-M3,delta_star,16,0.21031147617019286
fiqa,BGE-M3,delta_star,32,0.3429372439931425
fiqa,BGE-M3,delta_star,64,0.5247796790940292
fiqa,BGE-M3,delta_star,128,0.7382400090620658
fiqa,BGE-M3,delta_star,256,0.9204851337495312
fiqa,BGE-M3,delta_star_q_orthogonal_unit,16,0.22669242018772848
fiqa,BGE-M3,delta_star_q_orthogonal_unit,32,0.3566813391090715
fiqa,BGE-M3,delta_star_q_orthogonal_unit,64,0.5320863377143705
fiqa,BGE-M3,delta_star_q_orthogonal_unit,128,0.7390618161587165
fiqa,BGE-M3,delta_star_q_orthogonal_unit,256,0.9191731554078745
fiqa,E5,delta_star,16,0.2154239643478415
fiqa,E5,delta_star,32,0.3407986580217239
fiqa,E5,delta_star,64,0.5117276845521848
fiqa,E5,delta_star,128,0.7177627275162918
fiqa,E5,delta_star,256,0.908782004547624
fiqa,E5,delta_star_q_orthogonal_unit,16,0.21570274357392227
fiqa,E5,delta_star_q_orthogonal_unit,32,0.3381317097176755
fiqa,E5,delta_star_q_orthogonal_unit,64,0.5059992253585456
fiqa,E5,delta_star_q_orthogonal_unit,128,0.7108513243014901
fiqa,E5,delta_star_q_orthogonal_unit,256,0.9051537591555504
arguana,Qwen3,delta_star,16,0.1753421563101298
arguana,Qwen3,delta_star,32,0.29205644824437904
arguana,Qwen3,delta_star,64,0.45435959072693255
arguana,Qwen3,delta_star,128,0.6515350329297586
arguana,Qwen3,delta_star,256,0.843654171059194
arguana,Qwen3,delta_star_q_orthogonal_unit,16,0.20114557271060257
arguana,Qwen3,delta_star_q_orthogonal_unit,32,0.32239819157207494
arguana,Qwen3,delta_star_q_orthogonal_unit,64,0.484419833290229
arguana,Qwen3,delta_star_q_orthogonal_unit,128,0.6746259466862511
arguana,Qwen3,delta_star_q_orthogonal_unit,256,0.8555257919813115
arguana,BGE-M3,delta_star,16,0.19903755537237136
arguana,BGE-M3,delta_star,32,0.3167884031569167
arguana,BGE-M3,delta_star,64,0.4833872063010711
arguana,BGE-M3,delta_star,128,0.6880552321044731
arguana,BGE-M3,delta_star,256,0.8836052515665175
arguana,BGE-M3,delta_star_q_orthogonal_unit,16,0.2025197934132715
arguana,BGE-M3,delta_star_q_orthogonal_unit,32,0.3213751415694298
arguana,BGE-M3,delta_star_q_orthogonal_unit,64,0.4882349165716041
arguana,BGE-M3,delta_star_q_orthogonal_unit,128,0.6910486145467519
arguana,BGE-M3,delta_star_q_orthogonal_unit,256,0.8842373217533939
arguana,E5,delta_star,16,0.1888869745074871
arguana,E5,delta_star,32,0.29430704686930725
arguana,E5,delta_star,64,0.44484714759231503
arguana,E5,delta_star,128,0.6404850760734798
arguana,E5,delta_star,256,0.8504478316321145
arguana,E5,delta_star_q_orthogonal_unit,16,0.1962353139321091
arguana,E5,delta_star_q_orthogonal_unit,32,0.30411901293686533
arguana,E5,delta_star_q_orthogonal_unit,64,0.4555547361793517
arguana,E5,delta_star_q_orthogonal_unit,128,0.6489913548200552
arguana,E5,delta_star_q_orthogonal_unit,256,0.8544439670653636
