model,heldout_corpus,method,alpha,threshold,macro_dev_NDCG@10,macro_dev_correction_rate
text-embedding-3-small-aiberm,fiqa,q_only,1.0,0.0,0.47902127106984455,0.9414757767245919
text-embedding-3-small-aiberm,fiqa,q_only,1.0,0.0025,0.480079581340154,0.8820256275232579
text-embedding-3-small-aiberm,fiqa,q_only,1.0,0.005,0.4838533401489258,0.7730384412848866
text-embedding-3-small-aiberm,fiqa,q_only,1.0,0.01,0.4878811140855153,0.5830853958223626
text-embedding-3-small-aiberm,fiqa,q_only,1.0,0.02,0.4834676881631215,0.2741947516236615
text-embedding-3-small-aiberm,fiqa,q_only,10.0,0.0,0.47902127106984455,0.9414757767245919
text-embedding-3-small-aiberm,fiqa,q_only,10.0,0.0025,0.480079581340154,0.8820256275232579
text-embedding-3-small-aiberm,fiqa,q_only,10.0,0.005,0.4838533401489258,0.7730384412848866
text-embedding-3-small-aiberm,fiqa,q_only,10.0,0.01,0.4878811140855153,0.5830853958223626
text-embedding-3-small-aiberm,fiqa,q_only,10.0,0.02,0.4834676881631215,0.2741947516236615
text-embedding-3-small-aiberm,fiqa,q_only,100.0,0.0,0.4800171951452891,0.9414757767245919
text-embedding-3-small-aiberm,fiqa,q_only,100.0,0.0025,0.4810754954814911,0.8824885904862209
text-embedding-3-small-aiberm,fiqa,q_only,100.0,0.005,0.4848492741584778,0.7714586624539231
text-embedding-3-small-aiberm,fiqa,q_only,100.0,0.01,0.4881914059321086,0.5761409513779182
text-embedding-3-small-aiberm,fiqa,q_only,100.0,0.02,0.4832608501116435,0.2741947516236615
text-embedding-3-small-aiberm,fiqa,q_only,1000.0,0.0,0.4790901045004527,0.9340683693171844
text-embedding-3-small-aiberm,fiqa,q_only,1000.0,0.0025,0.48012422521909076,0.8755441460417764
text-embedding-3-small-aiberm,fiqa,q_only,1000.0,0.005,0.4836159447828929,0.7496994031946639
text-embedding-3-small-aiberm,fiqa,q_only,1000.0,0.01,0.4882453779379527,0.5554985079866597
text-embedding-3-small-aiberm,fiqa,q_only,1000.0,0.02,0.4824955960114797,0.26629585746884327
text-embedding-3-small-aiberm,fiqa,reference_geometry,1.0,0.0,0.4754153291384379,0.8360014042478497
text-embedding-3-small-aiberm,fiqa,reference_geometry,1.0,0.0025,0.4754153291384379,0.8221125153589609
text-embedding-3-small-aiberm,fiqa,reference_geometry,1.0,0.005,0.4770710964997609,0.7536751799192557
text-embedding-3-small-aiberm,fiqa,reference_geometry,1.0,0.01,0.4788871208826701,0.6667719852553975
text-embedding-3-small-aiberm,fiqa,reference_geometry,1.0,0.02,0.4818914731343587,0.40766631560470423
text-embedding-3-small-aiberm,fiqa,reference_geometry,10.0,0.0,0.472368856271108,0.8503532560997016
text-embedding-3-small-aiberm,fiqa,reference_geometry,10.0,0.0025,0.47488294045130414,0.7998902931367385
text-embedding-3-small-aiberm,fiqa,reference_geometry,10.0,0.005,0.47705220182736713,0.7552549587502194
text-embedding-3-small-aiberm,fiqa,reference_geometry,10.0,0.01,0.47955723603566486,0.6688147270493242
text-embedding-3-small-aiberm,fiqa,reference_geometry,10.0,0.02,0.4820793966452281,0.40450675794277696
text-embedding-3-small-aiberm,fiqa,reference_geometry,100.0,0.0,0.4722633163134257,0.857760663507109
text-embedding-3-small-aiberm,fiqa,reference_geometry,100.0,0.0025,0.4727051357428233,0.807760663507109
text-embedding-3-small-aiberm,fiqa,reference_geometry,100.0,0.005,0.4778878192106883,0.7409031068983677
text-embedding-3-small-aiberm,fiqa,reference_geometry,100.0,0.01,0.4796835283438365,0.6592022116903634
text-embedding-3-small-aiberm,fiqa,reference_geometry,100.0,0.02,0.47742632031440735,0.38544409338248203
text-embedding-3-small-aiberm,fiqa,reference_geometry,1000.0,0.0,0.4754706025123596,0.881099701597332
text-embedding-3-small-aiberm,fiqa,reference_geometry,1000.0,0.0025,0.4754212200641632,0.8306367386343689
text-embedding-3-small-aiberm,fiqa,reference_geometry,1000.0,0.005,0.47555814186731976,0.748310514305775
text-embedding-3-small-aiberm,fiqa,reference_geometry,1000.0,0.01,0.4779307146867116,0.6132876952782166
text-embedding-3-small-aiberm,fiqa,reference_geometry,1000.0,0.02,0.47927866379419964,0.35674038967877825
text-embedding-3-small-aiberm,fiqa,corpus_geometry,1.0,0.0,0.4764348765214284,0.899074074074074
text-embedding-3-small-aiberm,fiqa,corpus_geometry,1.0,0.0025,0.4764348765214284,0.8470313322801474
text-embedding-3-small-aiberm,fiqa,corpus_geometry,1.0,0.005,0.47760656476020813,0.7667478497454802
text-embedding-3-small-aiberm,fiqa,corpus_geometry,1.0,0.01,0.47826360662778217,0.6646480603826576
text-embedding-3-small-aiberm,fiqa,corpus_geometry,1.0,0.02,0.4788886109987895,0.4396392838335966
text-embedding-3-small-aiberm,fiqa,corpus_geometry,10.0,0.0,0.4764348765214284,0.8916666666666666
text-embedding-3-small-aiberm,fiqa,corpus_geometry,10.0,0.0025,0.4765230516592662,0.8257350359838512
text-embedding-3-small-aiberm,fiqa,corpus_geometry,10.0,0.005,0.4774061143398285,0.7741552571528875
text-embedding-3-small-aiberm,fiqa,corpus_geometry,10.0,0.01,0.47811099886894226,0.6438147270493242
text-embedding-3-small-aiberm,fiqa,corpus_geometry,10.0,0.02,0.4788886109987895,0.44279884149552395
text-embedding-3-small-aiberm,fiqa,corpus_geometry,100.0,0.0,0.4784097373485565,0.8921296296296296
text-embedding-3-small-aiberm,fiqa,corpus_geometry,100.0,0.0025,0.47836803396542865,0.8315626645602948
text-embedding-3-small-aiberm,fiqa,corpus_geometry,100.0,0.005,0.47921034693717957,0.7533219238195542
text-embedding-3-small-aiberm,fiqa,corpus_geometry,100.0,0.01,0.47914355993270874,0.630579691065473
text-embedding-3-small-aiberm,fiqa,corpus_geometry,100.0,0.02,0.47830819090207416,0.4088928383359663
text-embedding-3-small-aiberm,fiqa,corpus_geometry,1000.0,0.0,0.47680063048998517,0.8979572582060733
text-embedding-3-small-aiberm,fiqa,corpus_geometry,1000.0,0.0025,0.48035813371340436,0.826660961909777
text-embedding-3-small-aiberm,fiqa,corpus_geometry,1000.0,0.005,0.4804289440313975,0.7373902931367385
text-embedding-3-small-aiberm,fiqa,corpus_geometry,1000.0,0.01,0.47981497645378113,0.6231722836580657
text-embedding-3-small-aiberm,fiqa,corpus_geometry,1000.0,0.02,0.47775666912396747,0.37561216429699845
text-embedding-3-small-aiberm,arguana,q_only,1.0,0.0,0.49689289927482605,0.7723333333333332
text-embedding-3-small-aiberm,arguana,q_only,1.0,0.0025,0.5018120507399241,0.5643888888888889
text-embedding-3-small-aiberm,arguana,q_only,1.0,0.005,0.5003220438957214,0.40772222222222215
text-embedding-3-small-aiberm,arguana,q_only,1.0,0.01,0.5003463327884674,0.17512962962962964
text-embedding-3-small-aiberm,arguana,q_only,1.0,0.02,0.4973807136217753,0.008
text-embedding-3-small-aiberm,arguana,q_only,10.0,0.0,0.49689289927482605,0.7723333333333332
text-embedding-3-small-aiberm,arguana,q_only,10.0,0.0025,0.5018120507399241,0.5643888888888889
text-embedding-3-small-aiberm,arguana,q_only,10.0,0.005,0.5003220438957214,0.40772222222222215
text-embedding-3-small-aiberm,arguana,q_only,10.0,0.01,0.5003463327884674,0.17512962962962964
text-embedding-3-small-aiberm,arguana,q_only,10.0,0.02,0.4973807136217753,0.008
text-embedding-3-small-aiberm,arguana,q_only,100.0,0.0,0.49689289927482605,0.7723333333333332
text-embedding-3-small-aiberm,arguana,q_only,100.0,0.0025,0.5018120507399241,0.5643888888888889
text-embedding-3-small-aiberm,arguana,q_only,100.0,0.005,0.5003220438957214,0.4070555555555555
text-embedding-3-small-aiberm,arguana,q_only,100.0,0.01,0.5003463327884674,0.17512962962962964
text-embedding-3-small-aiberm,arguana,q_only,100.0,0.02,0.4973807136217753,0.008
text-embedding-3-small-aiberm,arguana,q_only,1000.0,0.0,0.49690960844357807,0.7723333333333332
text-embedding-3-small-aiberm,arguana,q_only,1000.0,0.0025,0.5018483897050222,0.5630555555555555
text-embedding-3-small-aiberm,arguana,q_only,1000.0,0.005,0.5003583828608195,0.4050555555555555
text-embedding-3-small-aiberm,arguana,q_only,1000.0,0.01,0.500382681687673,0.17512962962962964
text-embedding-3-small-aiberm,arguana,q_only,1000.0,0.02,0.4973807136217753,0.007333333333333333
text-embedding-3-small-aiberm,arguana,reference_geometry,1.0,0.0,0.4971623222033183,0.7815
text-embedding-3-small-aiberm,arguana,reference_geometry,1.0,0.0025,0.49361202120780945,0.6927407407407408
text-embedding-3-small-aiberm,arguana,reference_geometry,1.0,0.005,0.4941057662169139,0.586537037037037
text-embedding-3-small-aiberm,arguana,reference_geometry,1.0,0.01,0.49807777007420856,0.41048148148148145
text-embedding-3-small-aiberm,arguana,reference_geometry,1.0,0.02,0.4978507657845815,0.08592592592592592
text-embedding-3-small-aiberm,arguana,reference_geometry,10.0,0.0,0.49722229441006977,0.7815
text-embedding-3-small-aiberm,arguana,reference_geometry,10.0,0.0025,0.4932771325111389,0.6929444444444445
text-embedding-3-small-aiberm,arguana,reference_geometry,10.0,0.005,0.4946245849132538,0.5837962962962963
text-embedding-3-small-aiberm,arguana,reference_geometry,10.0,0.01,0.4978371858596802,0.4042037037037037
text-embedding-3-small-aiberm,arguana,reference_geometry,10.0,0.02,0.4978419343630473,0.07918518518518519
text-embedding-3-small-aiberm,arguana,reference_geometry,100.0,0.0,0.49740085005760193,0.7761666666666667
text-embedding-3-small-aiberm,arguana,reference_geometry,100.0,0.0025,0.4937669038772583,0.681537037037037
text-embedding-3-small-aiberm,arguana,reference_geometry,100.0,0.005,0.4937166174252828,0.5888148148148149
text-embedding-3-small-aiberm,arguana,reference_geometry,100.0,0.01,0.4979766805966695,0.39212962962962966
text-embedding-3-small-aiberm,arguana,reference_geometry,100.0,0.02,0.4972033003966014,0.07185185185185185
text-embedding-3-small-aiberm,arguana,reference_geometry,1000.0,0.0,0.4972473482290904,0.7627592592592592
text-embedding-3-small-aiberm,arguana,reference_geometry,1000.0,0.0025,0.49281031886736554,0.6636851851851852
text-embedding-3-small-aiberm,arguana,reference_geometry,1000.0,0.005,0.49376468857129413,0.5674814814814816
text-embedding-3-small-aiberm,arguana,reference_geometry,1000.0,0.01,0.4977642397085826,0.32175925925925924
text-embedding-3-small-aiberm,arguana,reference_geometry,1000.0,0.02,0.49681427081425983,0.059259259259259255
text-embedding-3-small-aiberm,arguana,corpus_geometry,1.0,0.0,0.5013699034849802,0.8145555555555556
text-embedding-3-small-aiberm,arguana,corpus_geometry,1.0,0.0025,0.4993821084499359,0.6925
text-embedding-3-small-aiberm,arguana,corpus_geometry,1.0,0.005,0.4973859985669454,0.6036851851851851
text-embedding-3-small-aiberm,arguana,corpus_geometry,1.0,0.01,0.49709221720695496,0.35344444444444445
text-embedding-3-small-aiberm,arguana,corpus_geometry,1.0,0.02,0.496922771135966,0.11387037037037036
text-embedding-3-small-aiberm,arguana,corpus_geometry,10.0,0.0,0.5009348094463348,0.8152222222222222
text-embedding-3-small-aiberm,arguana,corpus_geometry,10.0,0.0025,0.4996330738067627,0.6994444444444445
text-embedding-3-small-aiberm,arguana,corpus_geometry,10.0,0.005,0.49686819314956665,0.6030185185185185
text-embedding-3-small-aiberm,arguana,corpus_geometry,10.0,0.01,0.4971449673175812,0.3451666666666666
text-embedding-3-small-aiberm,arguana,corpus_geometry,10.0,0.02,0.496922771135966,0.11387037037037036
text-embedding-3-small-aiberm,arguana,corpus_geometry,100.0,0.0,0.500581314166387,0.8152222222222222
text-embedding-3-small-aiberm,arguana,corpus_geometry,100.0,0.0025,0.50011146068573,0.6981111111111112
text-embedding-3-small-aiberm,arguana,corpus_geometry,100.0,0.005,0.496929536263148,0.5866666666666668
text-embedding-3-small-aiberm,arguana,corpus_geometry,100.0,0.01,0.4976859490076701,0.3505740740740741
text-embedding-3-small-aiberm,arguana,corpus_geometry,100.0,0.02,0.49698057770729065,0.11187037037037036
text-embedding-3-small-aiberm,arguana,corpus_geometry,1000.0,0.0,0.5000660717487335,0.8228333333333334
text-embedding-3-small-aiberm,arguana,corpus_geometry,1000.0,0.0025,0.5000373721122742,0.7055370370370371
text-embedding-3-small-aiberm,arguana,corpus_geometry,1000.0,0.005,0.4976715048154195,0.546425925925926
text-embedding-3-small-aiberm,arguana,corpus_geometry,1000.0,0.01,0.497926265001297,0.306537037037037
text-embedding-3-small-aiberm,arguana,corpus_geometry,1000.0,0.02,0.4963316023349762,0.06849999999999999
text-embedding-3-small-aiberm,scifact,q_only,1.0,0.0,0.40537694096565247,0.9175555555555555
text-embedding-3-small-aiberm,scifact,q_only,1.0,0.0025,0.40487738450368244,0.8445071090047392
text-embedding-3-small-aiberm,scifact,q_only,1.0,0.005,0.4078437189261119,0.6544415481832543
text-embedding-3-small-aiberm,scifact,q_only,1.0,0.01,0.40826210379600525,0.33917061611374405
text-embedding-3-small-aiberm,scifact,q_only,1.0,0.02,0.4038252631823222,0.01962401263823065
text-embedding-3-small-aiberm,scifact,q_only,10.0,0.0,0.40537694096565247,0.9175555555555555
text-embedding-3-small-aiberm,scifact,q_only,10.0,0.0025,0.40487738450368244,0.8445071090047392
text-embedding-3-small-aiberm,scifact,q_only,10.0,0.005,0.4078437189261119,0.6544415481832543
text-embedding-3-small-aiberm,scifact,q_only,10.0,0.01,0.40826210379600525,0.33917061611374405
text-embedding-3-small-aiberm,scifact,q_only,10.0,0.02,0.4038252631823222,0.01962401263823065
text-embedding-3-small-aiberm,scifact,q_only,100.0,0.0,0.40537694096565247,0.9175555555555555
text-embedding-3-small-aiberm,scifact,q_only,100.0,0.0025,0.40487738450368244,0.8445071090047392
text-embedding-3-small-aiberm,scifact,q_only,100.0,0.005,0.4078437189261119,0.6544415481832543
text-embedding-3-small-aiberm,scifact,q_only,100.0,0.01,0.40826210379600525,0.33917061611374405
text-embedding-3-small-aiberm,scifact,q_only,100.0,0.02,0.4038252631823222,0.01962401263823065
text-embedding-3-small-aiberm,scifact,q_only,1000.0,0.0,0.40528366963068646,0.9182222222222222
text-embedding-3-small-aiberm,scifact,q_only,1000.0,0.0025,0.40488017598787945,0.8438404423380726
text-embedding-3-small-aiberm,scifact,q_only,1000.0,0.005,0.40789303183555603,0.6517748815165877
text-embedding-3-small-aiberm,scifact,q_only,1000.0,0.01,0.40828001499176025,0.3385039494470774
text-embedding-3-small-aiberm,scifact,q_only,1000.0,0.02,0.4038252631823222,0.018044233807266982
text-embedding-3-small-aiberm,scifact,reference_geometry,1.0,0.0,0.4097797969977061,0.9150939968404423
text-embedding-3-small-aiberm,scifact,reference_geometry,1.0,0.0025,0.41000014543533325,0.8408546603475514
text-embedding-3-small-aiberm,scifact,reference_geometry,1.0,0.005,0.4098439613978068,0.7627890995260663
text-embedding-3-small-aiberm,scifact,reference_geometry,1.0,0.01,0.40901950001716614,0.4591108478146393
text-embedding-3-small-aiberm,scifact,reference_geometry,1.0,0.02,0.4063242971897125,0.12186650868878357
text-embedding-3-small-aiberm,scifact,reference_geometry,10.0,0.0,0.40967880686124164,0.9164273301737756
text-embedding-3-small-aiberm,scifact,reference_geometry,10.0,0.0025,0.41000014543533325,0.8408546603475514
text-embedding-3-small-aiberm,scifact,reference_geometry,10.0,0.005,0.4103556275367737,0.7551779884149553
text-embedding-3-small-aiberm,scifact,reference_geometry,10.0,0.01,0.40901950001716614,0.45844418114797264
text-embedding-3-small-aiberm,scifact,reference_geometry,10.0,0.02,0.4063242971897125,0.11492206424433914
text-embedding-3-small-aiberm,scifact,reference_geometry,100.0,0.0,0.40944282213846844,0.9041182201158504
text-embedding-3-small-aiberm,scifact,reference_geometry,100.0,0.0025,0.4091208378473918,0.8440142180094786
text-embedding-3-small-aiberm,scifact,reference_geometry,100.0,0.005,0.4094112515449524,0.7549315429173249
text-embedding-3-small-aiberm,scifact,reference_geometry,100.0,0.01,0.40872058272361755,0.45827040547656667
text-embedding-3-small-aiberm,scifact,reference_geometry,100.0,0.02,0.4051341712474823,0.11042917324907847
text-embedding-3-small-aiberm,scifact,reference_geometry,1000.0,0.0,0.4073916474978129,0.9090626645602948
text-embedding-3-small-aiberm,scifact,reference_geometry,1000.0,0.0025,0.4083077609539032,0.8538717746182202
text-embedding-3-small-aiberm,scifact,reference_geometry,1000.0,0.005,0.4091980655988057,0.7205597682991048
text-embedding-3-small-aiberm,scifact,reference_geometry,1000.0,0.01,0.408274382352829,0.4374370721432333
text-embedding-3-small-aiberm,scifact,reference_geometry,1000.0,0.02,0.4046187500158946,0.08884649815692469
text-embedding-3-small-aiberm,scifact,corpus_geometry,1.0,0.0,0.4033163587252299,0.8835313322801475
text-embedding-3-small-aiberm,scifact,corpus_geometry,1.0,0.0025,0.4045177102088928,0.7987364402317009
text-embedding-3-small-aiberm,scifact,corpus_geometry,1.0,0.005,0.40570993224779767,0.6848204318062138
text-embedding-3-small-aiberm,scifact,corpus_geometry,1.0,0.01,0.4056505461533864,0.39929594523433387
text-embedding-3-small-aiberm,scifact,corpus_geometry,1.0,0.02,0.40537962317466736,0.1075260663507109
text-embedding-3-small-aiberm,scifact,corpus_geometry,10.0,0.0,0.4033163587252299,0.8835313322801475
text-embedding-3-small-aiberm,scifact,corpus_geometry,10.0,0.0025,0.4046265284220378,0.7911253291205899
text-embedding-3-small-aiberm,scifact,corpus_geometry,10.0,0.005,0.40570993224779767,0.6848204318062138
text-embedding-3-small-aiberm,scifact,corpus_geometry,10.0,0.01,0.4056505461533864,0.39929594523433387
text-embedding-3-small-aiberm,scifact,corpus_geometry,10.0,0.02,0.40537962317466736,0.1075260663507109
text-embedding-3-small-aiberm,scifact,corpus_geometry,100.0,0.0,0.40375015139579773,0.8815313322801474
text-embedding-3-small-aiberm,scifact,corpus_geometry,100.0,0.0025,0.40485307574272156,0.7907051079515535
text-embedding-3-small-aiberm,scifact,corpus_geometry,100.0,0.005,0.40565749009450275,0.6870668773038441
text-embedding-3-small-aiberm,scifact,corpus_geometry,100.0,0.01,0.40589659412701923,0.3979626119010005
text-embedding-3-small-aiberm,scifact,corpus_geometry,100.0,0.02,0.4052440325419108,0.10685939968404423
text-embedding-3-small-aiberm,scifact,corpus_geometry,1000.0,0.0,0.40414491295814514,0.8818091100579252
text-embedding-3-small-aiberm,scifact,corpus_geometry,1000.0,0.0025,0.40512482325236004,0.7863162190626646
text-embedding-3-small-aiberm,scifact,corpus_geometry,1000.0,0.005,0.40622279047966003,0.6679486571879937
text-embedding-3-small-aiberm,scifact,corpus_geometry,1000.0,0.01,0.4058493177096049,0.3801777251184834
text-embedding-3-small-aiberm,scifact,corpus_geometry,1000.0,0.02,0.4054444630940755,0.0804960505529226
text-embedding-3-small-aiberm,nfcorpus,q_only,1.0,0.0,0.5215549767017365,0.9185441460417764
text-embedding-3-small-aiberm,nfcorpus,q_only,1.0,0.0025,0.52327232559522,0.8147179217131825
text-embedding-3-small-aiberm,nfcorpus,q_only,1.0,0.005,0.5229232311248779,0.6780056169913989
text-embedding-3-small-aiberm,nfcorpus,q_only,1.0,0.01,0.5209457874298096,0.3828172722485519
text-embedding-3-small-aiberm,nfcorpus,q_only,1.0,0.02,0.5191288590431213,0.04100157977883096
text-embedding-3-small-aiberm,nfcorpus,q_only,10.0,0.0,0.5215549767017365,0.9185441460417764
text-embedding-3-small-aiberm,nfcorpus,q_only,10.0,0.0025,0.52327232559522,0.8147179217131825
text-embedding-3-small-aiberm,nfcorpus,q_only,10.0,0.005,0.5229232311248779,0.6780056169913989
text-embedding-3-small-aiberm,nfcorpus,q_only,10.0,0.01,0.5209457874298096,0.3828172722485519
text-embedding-3-small-aiberm,nfcorpus,q_only,10.0,0.02,0.5191288590431213,0.04100157977883096
text-embedding-3-small-aiberm,nfcorpus,q_only,100.0,0.0,0.5215549767017365,0.9185441460417764
text-embedding-3-small-aiberm,nfcorpus,q_only,100.0,0.0025,0.52327232559522,0.8147179217131825
text-embedding-3-small-aiberm,nfcorpus,q_only,100.0,0.005,0.5229232311248779,0.6780056169913989
text-embedding-3-small-aiberm,nfcorpus,q_only,100.0,0.01,0.5209457874298096,0.3828172722485519
text-embedding-3-small-aiberm,nfcorpus,q_only,100.0,0.02,0.5191288590431213,0.04100157977883096
text-embedding-3-small-aiberm,nfcorpus,q_only,1000.0,0.0,0.520443876584371,0.9185441460417764
text-embedding-3-small-aiberm,nfcorpus,q_only,1000.0,0.0025,0.5233957866827647,0.8140512550465157
text-embedding-3-small-aiberm,nfcorpus,q_only,1000.0,0.005,0.5230707228183746,0.6760056169913989
text-embedding-3-small-aiberm,nfcorpus,q_only,1000.0,0.01,0.520876556634903,0.37874460242232755
text-embedding-3-small-aiberm,nfcorpus,q_only,1000.0,0.02,0.5190996726353964,0.0403349131121643
text-embedding-3-small-aiberm,nfcorpus,reference_geometry,1.0,0.0,0.5199457108974457,0.9037549587502195
text-embedding-3-small-aiberm,nfcorpus,reference_geometry,1.0,0.0025,0.5210845669110616,0.8438788836229594
text-embedding-3-small-aiberm,nfcorpus,reference_geometry,1.0,0.005,0.5216176907221476,0.7382278392136211
text-embedding-3-small-aiberm,nfcorpus,reference_geometry,1.0,0.01,0.5211919148763021,0.5250352817272248
text-embedding-3-small-aiberm,nfcorpus,reference_geometry,1.0,0.02,0.5206530094146729,0.20510163243812532
text-embedding-3-small-aiberm,nfcorpus,reference_geometry,10.0,0.0,0.5180149475733439,0.9104956994909602
text-embedding-3-small-aiberm,nfcorpus,reference_geometry,10.0,0.0025,0.5208898286024729,0.8438788836229594
text-embedding-3-small-aiberm,nfcorpus,reference_geometry,10.0,0.005,0.521422932545344,0.7344016148850271
text-embedding-3-small-aiberm,nfcorpus,reference_geometry,10.0,0.01,0.5211919148763021,0.5234555028962612
text-embedding-3-small-aiberm,nfcorpus,reference_geometry,10.0,0.02,0.5207819640636444,0.20443496577145867
text-embedding-3-small-aiberm,nfcorpus,reference_geometry,100.0,0.0,0.5190223356088003,0.9060014042478498
text-embedding-3-small-aiberm,nfcorpus,reference_geometry,100.0,0.0025,0.5196307003498077,0.860447252940144
text-embedding-3-small-aiberm,nfcorpus,reference_geometry,100.0,0.005,0.5214105049769083,0.7325753905564332
text-embedding-3-small-aiberm,nfcorpus,reference_geometry,100.0,0.01,0.5219468077023824,0.4984953484289976
text-embedding-3-small-aiberm,nfcorpus,reference_geometry,100.0,0.02,0.5205556452274323,0.17522836580656487
text-embedding-3-small-aiberm,nfcorpus,reference_geometry,1000.0,0.0,0.5219081143538157,0.9134088116552572
text-embedding-3-small-aiberm,nfcorpus,reference_geometry,1000.0,0.0025,0.5230524738629659,0.8346466561348077
text-embedding-3-small-aiberm,nfcorpus,reference_geometry,1000.0,0.005,0.5235475500424703,0.7552178339476917
text-embedding-3-small-aiberm,nfcorpus,reference_geometry,1000.0,0.01,0.5230194330215454,0.47409935053536945
text-embedding-3-small-aiberm,nfcorpus,reference_geometry,1000.0,0.02,0.5207554598649343,0.1458493944181148
text-embedding-3-small-aiberm,nfcorpus,corpus_geometry,1.0,0.0,0.5227233270804087,0.8958276285764436
text-embedding-3-small-aiberm,nfcorpus,corpus_geometry,1.0,0.0025,0.5235038002332052,0.8046694751623661
text-embedding-3-small-aiberm,nfcorpus,corpus_geometry,1.0,0.005,0.5200856824715933,0.6880312445146567
text-embedding-3-small-aiberm,nfcorpus,corpus_geometry,1.0,0.01,0.5213905473550161,0.4898943303493067
text-embedding-3-small-aiberm,nfcorpus,corpus_geometry,1.0,0.02,0.5210288266340891,0.1827042302966473
text-embedding-3-small-aiberm,nfcorpus,corpus_geometry,10.0,0.0,0.5228636264801025,0.8958276285764436
text-embedding-3-small-aiberm,nfcorpus,corpus_geometry,10.0,0.0025,0.5236732959747314,0.8040028084956995
text-embedding-3-small-aiberm,nfcorpus,corpus_geometry,10.0,0.005,0.5203479329744974,0.6873645778479901
text-embedding-3-small-aiberm,nfcorpus,corpus_geometry,10.0,0.01,0.5215973953406016,0.4898943303493067
text-embedding-3-small-aiberm,nfcorpus,corpus_geometry,10.0,0.02,0.5212356646855673,0.1827042302966473
text-embedding-3-small-aiberm,nfcorpus,corpus_geometry,100.0,0.0,0.5239236454168955,0.8933347375811831
text-embedding-3-small-aiberm,nfcorpus,corpus_geometry,100.0,0.0025,0.5235073864459991,0.7792876952782167
text-embedding-3-small-aiberm,nfcorpus,corpus_geometry,100.0,0.005,0.524251808722814,0.6916124275934702
text-embedding-3-small-aiberm,nfcorpus,corpus_geometry,100.0,0.01,0.5215593775113424,0.48772055467790065
text-embedding-3-small-aiberm,nfcorpus,corpus_geometry,100.0,0.02,0.5209306379159292,0.1692255573108654
text-embedding-3-small-aiberm,nfcorpus,corpus_geometry,1000.0,0.0,0.5221150318781534,0.8686922941899246
text-embedding-3-small-aiberm,nfcorpus,corpus_geometry,1000.0,0.0025,0.5217712024847666,0.7936822889239951
text-embedding-3-small-aiberm,nfcorpus,corpus_geometry,1000.0,0.005,0.522646963596344,0.6842776900122871
text-embedding-3-small-aiberm,nfcorpus,corpus_geometry,1000.0,0.01,0.5205374856789907,0.46981885202738277
text-embedding-3-small-aiberm,nfcorpus,corpus_geometry,1000.0,0.02,0.5208108822504679,0.1389334737581183
