dataset,model,lambda,baseline,full_oracle,predicted_subspace_r128,subspace_oracle_r128
arguana,BGE-M3,0.0,0.7819905213270142,0.7819905213270142,0.7819905213270142,0.7819905213270142
arguana,BGE-M3,0.01,0.7819905213270142,0.7962085308056872,0.7819905213270142,0.7914691943127962
arguana,BGE-M3,0.02,0.7819905213270142,0.8056872037914692,0.7819905213270142,0.7962085308056872
arguana,BGE-M3,0.05,0.7819905213270142,0.8483412322274881,0.7819905213270142,0.8199052132701422
arguana,BGE-M3,0.1,0.7819905213270142,0.9146919431279621,0.7914691943127962,0.8530805687203792
arguana,BGE-M3,0.2,0.7819905213270142,0.976303317535545,0.8009478672985783,0.9289099526066351
arguana,BGE-M3,0.3,0.7819905213270142,0.995260663507109,0.8151658767772512,0.966824644549763
arguana,BGE-M3,0.5,0.7819905213270142,1.0,0.8246445497630331,0.995260663507109
arguana,BGE-M3,0.75,0.7819905213270142,1.0,0.8388625592417062,1.0
arguana,BGE-M3,1.0,0.7819905213270142,1.0,0.8436018957345972,1.0
arguana,E5,0.0,0.6635071090047393,0.6635071090047393,0.6635071090047393,0.6635071090047393
arguana,E5,0.01,0.6635071090047393,0.6872037914691943,0.6729857819905213,0.6777251184834123
arguana,E5,0.02,0.6635071090047393,0.7251184834123223,0.6777251184834123,0.6966824644549763
arguana,E5,0.05,0.6635071090047393,0.7867298578199052,0.6966824644549763,0.7440758293838863
arguana,E5,0.1,0.6635071090047393,0.9052132701421801,0.7298578199052133,0.8056872037914692
arguana,E5,0.2,0.6635071090047393,0.990521327014218,0.7677725118483413,0.919431279620853
arguana,E5,0.3,0.6635071090047393,1.0,0.8009478672985783,0.985781990521327
arguana,E5,0.5,0.6635071090047393,1.0,0.8293838862559242,1.0
arguana,E5,0.75,0.6635071090047393,1.0,0.8672985781990521,1.0
arguana,E5,1.0,0.6635071090047393,1.0,0.8578199052132701,1.0
arguana,Qwen3,0.0,0.9004739336492891,0.9004739336492891,0.9004739336492891,0.9004739336492891
arguana,Qwen3,0.01,0.9004739336492891,0.909952606635071,0.9004739336492891,0.9052132701421801
arguana,Qwen3,0.02,0.9004739336492891,0.9241706161137441,0.9004739336492891,0.909952606635071
arguana,Qwen3,0.05,0.9004739336492891,0.9383886255924171,0.9004739336492891,0.9241706161137441
arguana,Qwen3,0.1,0.9004739336492891,0.966824644549763,0.9004739336492891,0.9478672985781991
arguana,Qwen3,0.2,0.9004739336492891,0.990521327014218,0.9004739336492891,0.966824644549763
arguana,Qwen3,0.3,0.9004739336492891,1.0,0.9146919431279621,0.985781990521327
arguana,Qwen3,0.5,0.9004739336492891,1.0,0.9241706161137441,1.0
arguana,Qwen3,0.75,0.9004739336492891,1.0,0.9289099526066351,1.0
arguana,Qwen3,1.0,0.9004739336492891,1.0,0.9289099526066351,1.0
fiqa,BGE-M3,0.0,0.6805555555555556,0.6805555555555556,0.6805555555555556,0.6805555555555556
fiqa,BGE-M3,0.01,0.6805555555555556,0.6959876543209876,0.6805555555555556,0.691358024691358
fiqa,BGE-M3,0.02,0.6805555555555556,0.7098765432098766,0.6805555555555556,0.6990740740740741
fiqa,BGE-M3,0.05,0.6805555555555556,0.7592592592592593,0.683641975308642,0.7253086419753086
fiqa,BGE-M3,0.1,0.6805555555555556,0.8395061728395061,0.6820987654320988,0.7777777777777778
fiqa,BGE-M3,0.2,0.6805555555555556,0.9506172839506173,0.6820987654320988,0.8641975308641975
fiqa,BGE-M3,0.3,0.6805555555555556,0.9969135802469136,0.6774691358024691,0.9382716049382716
fiqa,BGE-M3,0.5,0.6805555555555556,1.0,0.6666666666666666,0.9984567901234568
fiqa,BGE-M3,0.75,0.6805555555555556,1.0,0.6481481481481481,1.0
fiqa,BGE-M3,1.0,0.6805555555555556,1.0,0.6126543209876543,1.0
fiqa,E5,0.0,0.683641975308642,0.683641975308642,0.683641975308642,0.683641975308642
fiqa,E5,0.01,0.683641975308642,0.7021604938271605,0.6851851851851852,0.6929012345679012
fiqa,E5,0.02,0.683641975308642,0.7345679012345679,0.6851851851851852,0.7052469135802469
fiqa,E5,0.05,0.683641975308642,0.7870370370370371,0.6882716049382716,0.7484567901234568
fiqa,E5,0.1,0.683641975308642,0.8858024691358025,0.683641975308642,0.7978395061728395
fiqa,E5,0.2,0.683641975308642,0.9799382716049383,0.6851851851851852,0.8950617283950617
fiqa,E5,0.3,0.683641975308642,1.0,0.6929012345679012,0.9660493827160493
fiqa,E5,0.5,0.683641975308642,1.0,0.6944444444444444,0.9984567901234568
fiqa,E5,0.75,0.683641975308642,1.0,0.6774691358024691,1.0
fiqa,E5,1.0,0.683641975308642,1.0,0.6527777777777778,1.0
fiqa,Qwen3,0.0,0.75,0.75,0.75,0.75
fiqa,Qwen3,0.01,0.75,0.7731481481481481,0.7484567901234568,0.7700617283950617
fiqa,Qwen3,0.02,0.75,0.7839506172839507,0.75,0.7762345679012346
fiqa,Qwen3,0.05,0.75,0.8225308641975309,0.7546296296296297,0.7916666666666666
fiqa,Qwen3,0.1,0.75,0.8827160493827161,0.7577160493827161,0.8425925925925926
fiqa,Qwen3,0.2,0.75,0.9753086419753086,0.7608024691358025,0.9104938271604939
fiqa,Qwen3,0.3,0.75,0.9969135802469136,0.7577160493827161,0.9660493827160493
fiqa,Qwen3,0.5,0.75,1.0,0.7469135802469136,0.9984567901234568
fiqa,Qwen3,0.75,0.75,1.0,0.7484567901234568,1.0
fiqa,Qwen3,1.0,0.75,1.0,0.7345679012345679,1.0
