dataset,model,lambda,method,HitRate@5,HitRate@10,Recall@5,Recall@10,MRR@10,NDCG@10
fiqa,Qwen3,0.0,baseline,0.6759259259259259,0.75,0.45208036133962054,0.5453282785458712,0.550733024691358,0.46796898407580273
fiqa,Qwen3,0.0,full_oracle,0.6759259259259259,0.75,0.45208036133962054,0.5453282785458712,0.550733024691358,0.46796898407580273
fiqa,Qwen3,0.0,subspace_oracle_r128,0.6759259259259259,0.75,0.45208036133962054,0.5453282785458712,0.550733024691358,0.46796898407580273
fiqa,Qwen3,0.0,predicted_subspace_r128,0.6759259259259259,0.75,0.45208036133962054,0.5453282785458712,0.550733024691358,0.46796898407580273
fiqa,Qwen3,0.01,baseline,0.6759259259259259,0.75,0.45208036133962054,0.5453282785458712,0.550733024691358,0.46796898407580273
fiqa,Qwen3,0.01,full_oracle,0.6882716049382716,0.7731481481481481,0.46185402389106084,0.5594357888339371,0.5646800901430531,0.4790799217800114
fiqa,Qwen3,0.01,subspace_oracle_r128,0.6820987654320988,0.7700617283950617,0.45696719261534074,0.5577639781343485,0.5597314079952969,0.47623737369777586
fiqa,Qwen3,0.01,predicted_subspace_r128,0.6759259259259259,0.7484567901234568,0.4525947646318016,0.5435707339642526,0.5500838967274152,0.46705739493561615
fiqa,Qwen3,0.02,baseline,0.6759259259259259,0.75,0.45208036133962054,0.5453282785458712,0.550733024691358,0.46796898407580273
fiqa,Qwen3,0.02,full_oracle,0.7052469135802469,0.7839506172839507,0.4756657522861226,0.5686583050008975,0.5827766754850089,0.4905779707272237
fiqa,Qwen3,0.02,subspace_oracle_r128,0.6929012345679012,0.7762345679012346,0.46519764529023794,0.5629080110561592,0.5680041152263375,0.4814826923546658
fiqa,Qwen3,0.02,predicted_subspace_r128,0.6759259259259259,0.75,0.45237430607800977,0.5440851372564336,0.5502082108563591,0.4672443287936473
fiqa,Qwen3,0.05,baseline,0.6759259259259259,0.75,0.45208036133962054,0.5453282785458712,0.550733024691358,0.46796898407580273
fiqa,Qwen3,0.05,full_oracle,0.7484567901234568,0.8225308641975309,0.5020032008457933,0.598456952855101,0.632543969233784,0.523948609709644
fiqa,Qwen3,0.05,subspace_oracle_r128,0.7145061728395061,0.7916666666666666,0.4797214830779646,0.5742628513461846,0.5959184548304919,0.4976098866049569
fiqa,Qwen3,0.05,predicted_subspace_r128,0.6805555555555556,0.7546296296296297,0.45468912089282454,0.5457716451929415,0.5516760973936901,0.46850144944022987
fiqa,Qwen3,0.1,baseline,0.6759259259259259,0.75,0.45208036133962054,0.5453282785458712,0.550733024691358,0.46796898407580273
fiqa,Qwen3,0.1,full_oracle,0.8271604938271605,0.8827160493827161,0.5578306552843589,0.6394163149950186,0.715625,0.5805124366479828
fiqa,Qwen3,0.1,subspace_oracle_r128,0.7685185185185185,0.8425925925925926,0.5167456600326971,0.6126802038839076,0.6455577601410935,0.536203733371302
fiqa,Qwen3,0.1,predicted_subspace_r128,0.6820987654320988,0.7577160493827161,0.4552035241850057,0.5490638262629004,0.5525683421516755,0.46990469541338226
fiqa,Qwen3,0.2,baseline,0.6759259259259259,0.75,0.45208036133962054,0.5453282785458712,0.550733024691358,0.46796898407580273
fiqa,Qwen3,0.2,full_oracle,0.9475308641975309,0.9753086419753086,0.644397993124845,0.7162075407445777,0.8690335341955712,0.6872896522996998
fiqa,Qwen3,0.2,subspace_oracle_r128,0.8611111111111112,0.9104938271604939,0.581637635341339,0.6610188037271371,0.740625,0.6019288035685738
fiqa,Qwen3,0.2,predicted_subspace_r128,0.6805555555555556,0.7608024691358025,0.4548820221273925,0.5509413982793613,0.5519375857338821,0.4696133494323642
fiqa,Qwen3,0.3,baseline,0.6759259259259259,0.75,0.45208036133962054,0.5453282785458712,0.550733024691358,0.46796898407580273
fiqa,Qwen3,0.3,full_oracle,0.9969135802469136,0.9969135802469136,0.6863487121588974,0.7401364796040723,0.972608024691358,0.7556805268491565
fiqa,Qwen3,0.3,subspace_oracle_r128,0.9351851851851852,0.9660493827160493,0.636196228325858,0.7065416579305469,0.83618520968058,0.6668863811524333
fiqa,Qwen3,0.3,predicted_subspace_r128,0.6759259259259259,0.7577160493827161,0.4522457052549645,0.5483865285948619,0.5509957378012934,0.4677974617841291
fiqa,Qwen3,0.5,baseline,0.6759259259259259,0.75,0.45208036133962054,0.5453282785458712,0.550733024691358,0.46796898407580273
fiqa,Qwen3,0.5,full_oracle,1.0,1.0,0.6993270789567086,0.7567339467802431,1.0,0.7810174833489141
fiqa,Qwen3,0.5,subspace_oracle_r128,0.9938271604938271,0.9984567901234568,0.6855918044575452,0.7416607055495944,0.973341049382716,0.7578383022519515
fiqa,Qwen3,0.5,predicted_subspace_r128,0.6697530864197531,0.7469135802469136,0.4458413842673101,0.5370549589299589,0.547083210856359,0.4608664956069697
fiqa,Qwen3,0.75,baseline,0.6759259259259259,0.75,0.45208036133962054,0.5453282785458712,0.550733024691358,0.46796898407580273
fiqa,Qwen3,0.75,full_oracle,1.0,1.0,0.6975272798189465,0.7525084911658986,1.0,0.7800398602736227
fiqa,Qwen3,0.75,subspace_oracle_r128,1.0,1.0,0.6953581183905257,0.7509732422926867,0.9979938271604939,0.7770438164736374
fiqa,Qwen3,0.75,predicted_subspace_r128,0.6651234567901234,0.7484567901234568,0.43762562882933254,0.5342116559709152,0.5445944787379973,0.4555398121165321
fiqa,Qwen3,1.0,baseline,0.6759259259259259,0.75,0.45208036133962054,0.5453282785458712,0.550733024691358,0.46796898407580273
fiqa,Qwen3,1.0,full_oracle,1.0,1.0,0.6959657926093111,0.7424023978422127,1.0,0.7738768736216637
fiqa,Qwen3,1.0,subspace_oracle_r128,1.0,1.0,0.6936140462760833,0.7447067079011525,1.0,0.775194076372642
fiqa,Qwen3,1.0,predicted_subspace_r128,0.6373456790123457,0.7345679012345679,0.41847390435353393,0.5165284304173193,0.5229429992161474,0.43662048732839975
fiqa,BGE-M3,0.0,baseline,0.6157407407407407,0.6805555555555556,0.40038895432413946,0.47334963561815413,0.5037814765824025,0.4132489609242356
fiqa,BGE-M3,0.0,full_oracle,0.6157407407407407,0.6805555555555556,0.40038895432413946,0.47334963561815413,0.5037814765824025,0.4132489609242356
fiqa,BGE-M3,0.0,subspace_oracle_r128,0.6157407407407407,0.6805555555555556,0.40038895432413946,0.47334963561815413,0.5037814765824025,0.4132489609242356
fiqa,BGE-M3,0.0,predicted_subspace_r128,0.6157407407407407,0.6805555555555556,0.40038895432413946,0.47334963561815413,0.5037814765824025,0.4132489609242356
fiqa,BGE-M3,0.01,baseline,0.6157407407407407,0.6805555555555556,0.40038895432413946,0.47334963561815413,0.5037814765824025,0.4132489609242356
fiqa,BGE-M3,0.01,full_oracle,0.6311728395061729,0.6959876543209876,0.40894090905664976,0.48155436812844216,0.520026822457378,0.42434302069310653
fiqa,BGE-M3,0.01,subspace_oracle_r128,0.6234567901234568,0.691358024691358,0.40488998313072383,0.4776963434370842,0.514737041936116,0.41995133763664333
fiqa,BGE-M3,0.01,predicted_subspace_r128,0.6172839506172839,0.6805555555555556,0.40154636173154684,0.4731567343835862,0.5025273123652753,0.4124262048759433
fiqa,BGE-M3,0.02,baseline,0.6157407407407407,0.6805555555555556,0.40038895432413946,0.47334963561815413,0.5037814765824025,0.4132489609242356
fiqa,BGE-M3,0.02,full_oracle,0.6450617283950617,0.7098765432098766,0.4194090160525346,0.4920782021476466,0.5342212913972172,0.43497774052127136
fiqa,BGE-M3,0.02,subspace_oracle_r128,0.6327160493827161,0.6990740740740741,0.4112557238714646,0.4852623585262474,0.5224334950029395,0.42706846756185485
fiqa,BGE-M3,0.02,predicted_subspace_r128,0.6188271604938271,0.6805555555555556,0.402060765023728,0.47342562701359,0.5038629237703312,0.4133428522122997
fiqa,BGE-M3,0.05,baseline,0.6157407407407407,0.6805555555555556,0.40038895432413946,0.47334963561815413,0.5037814765824025,0.4132489609242356
fiqa,BGE-M3,0.05,full_oracle,0.6944444444444444,0.7592592592592593,0.4493325904205534,0.5227740495101606,0.5832224916715658,0.4682704336425513
fiqa,BGE-M3,0.05,subspace_oracle_r128,0.6574074074074074,0.7253086419753086,0.42934802251931875,0.503252444571889,0.5514513521457964,0.4467369734873786
fiqa,BGE-M3,0.05,predicted_subspace_r128,0.6188271604938271,0.683641975308642,0.4033467732541806,0.4743686997159219,0.5039002792475016,0.41328924618827134
fiqa,BGE-M3,0.1,baseline,0.6157407407407407,0.6805555555555556,0.40038895432413946,0.47334963561815413,0.5037814765824025,0.4132489609242356
fiqa,BGE-M3,0.1,full_oracle,0.7731481481481481,0.8395061728395061,0.49850097176486063,0.5779713599158044,0.6771696796002351,0.5330964939174734
fiqa,BGE-M3,0.1,subspace_oracle_r128,0.7129629629629629,0.7777777777777778,0.45952879853342815,0.5394921565060453,0.5984580148932,0.4820572340017191
fiqa,BGE-M3,0.1,predicted_subspace_r128,0.6203703703703703,0.6820987654320988,0.4043737426839278,0.47426581905748566,0.5044183568489125,0.4139146433245353
fiqa,BGE-M3,0.2,baseline,0.6157407407407407,0.6805555555555556,0.40038895432413946,0.47334963561815413,0.5037814765824025,0.4132489609242356
fiqa,BGE-M3,0.2,full_oracle,0.9212962962962963,0.9506172839506173,0.608518975880087,0.6697567350345128,0.8529400597687634,0.653885013344506
fiqa,BGE-M3,0.2,subspace_oracle_r128,0.816358024691358,0.8641975308641975,0.5290179470735026,0.6009595813993963,0.7166329854987262,0.5608453448780851
fiqa,BGE-M3,0.2,predicted_subspace_r128,0.6203703703703703,0.6820987654320988,0.40547970976211717,0.47703931014116197,0.5079487556339408,0.41551829864243894
fiqa,BGE-M3,0.3,baseline,0.6157407407407407,0.6805555555555556,0.40038895432413946,0.47334963561815413,0.5037814765824025,0.4132489609242356
fiqa,BGE-M3,0.3,full_oracle,0.9953703703703703,0.9969135802469136,0.6699111716472828,0.7181174749461786,0.9730881344307271,0.7414638785537729
fiqa,BGE-M3,0.3,subspace_oracle_r128,0.9027777777777778,0.9382716049382716,0.593164037608482,0.6608636819284968,0.8238217715069567,0.6354251619059859
fiqa,BGE-M3,0.3,predicted_subspace_r128,0.6172839506172839,0.6774691358024691,0.39960081499433353,0.4701505927200371,0.5080197922790515,0.4129801889619686
fiqa,BGE-M3,0.5,baseline,0.6157407407407407,0.6805555555555556,0.40038895432413946,0.47334963561815413,0.5037814765824025,0.4132489609242356
fiqa,BGE-M3,0.5,full_oracle,1.0,1.0,0.6836315990251175,0.7419000538213502,1.0,0.7720002131341723
fiqa,BGE-M3,0.5,subspace_oracle_r128,0.9953703703703703,0.9984567901234568,0.6756982086843197,0.7149483832354202,0.9771494708994709,0.7427436206763762
fiqa,BGE-M3,0.5,predicted_subspace_r128,0.6188271604938271,0.6666666666666666,0.4002823993564734,0.4581374386929942,0.5003153782088967,0.40523054692184673
fiqa,BGE-M3,0.75,baseline,0.6157407407407407,0.6805555555555556,0.40038895432413946,0.47334963561815413,0.5037814765824025,0.4132489609242356
fiqa,BGE-M3,0.75,full_oracle,1.0,1.0,0.6910279835048354,0.7370947639466158,1.0,0.7718231453704473
fiqa,BGE-M3,0.75,subspace_oracle_r128,1.0,1.0,0.6804154093505945,0.7272022987300766,1.0,0.7639079504355326
fiqa,BGE-M3,0.75,predicted_subspace_r128,0.5910493827160493,0.6481481481481481,0.3769848292996441,0.43766927516927523,0.46903537135018625,0.37969906328742886
fiqa,BGE-M3,1.0,baseline,0.6157407407407407,0.6805555555555556,0.40038895432413946,0.47334963561815413,0.5037814765824025,0.4132489609242356
fiqa,BGE-M3,1.0,full_oracle,1.0,1.0,0.682964711899897,0.7273829908089168,1.0,0.7642220465132458
fiqa,BGE-M3,1.0,subspace_oracle_r128,1.0,1.0,0.6883960089978609,0.7222567727197358,1.0,0.761981454838968
fiqa,BGE-M3,1.0,predicted_subspace_r128,0.5540123456790124,0.6126543209876543,0.3466907064129286,0.4044161642541272,0.4317227611209093,0.34650703355532103
fiqa,E5,0.0,baseline,0.6033950617283951,0.683641975308642,0.38963848223107483,0.47050885928200736,0.4776816333529297,0.3986663557596119
fiqa,E5,0.0,full_oracle,0.6033950617283951,0.683641975308642,0.38963848223107483,0.47050885928200736,0.4776816333529297,0.3986663557596119
fiqa,E5,0.0,subspace_oracle_r128,0.6033950617283951,0.683641975308642,0.38963848223107483,0.47050885928200736,0.4776816333529297,0.3986663557596119
fiqa,E5,0.0,predicted_subspace_r128,0.6033950617283951,0.683641975308642,0.38963848223107483,0.47050885928200736,0.4776816333529297,0.3986663557596119
fiqa,E5,0.01,baseline,0.6033950617283951,0.683641975308642,0.38963848223107483,0.47050885928200736,0.4776816333529297,0.3986663557596119
fiqa,E5,0.01,full_oracle,0.6280864197530864,0.7021604938271605,0.40521387905647166,0.4861595794466165,0.5030368165784833,0.4165896536484267
fiqa,E5,0.01,subspace_oracle_r128,0.6126543209876543,0.6929012345679012,0.3962889819371301,0.47789054652480584,0.4901736723495983,0.4078849242940127
fiqa,E5,0.01,predicted_subspace_r128,0.6033950617283951,0.6851851851851852,0.38941802367728295,0.4726822131914724,0.4790607240838723,0.3999227836722315
fiqa,E5,0.02,baseline,0.6033950617283951,0.683641975308642,0.38963848223107483,0.47050885928200736,0.4776816333529297,0.3986663557596119
fiqa,E5,0.02,full_oracle,0.6404320987654321,0.7345679012345679,0.4147732069028366,0.5074730225193188,0.5268904320987654,0.43413145541180553
fiqa,E5,0.02,subspace_oracle_r128,0.6311728395061729,0.7052469135802469,0.4075286938712865,0.4894174669637633,0.5048311042524005,0.41874195912104994
fiqa,E5,0.02,predicted_subspace_r128,0.6049382716049383,0.6851851851851852,0.390446830261645,0.4728536809555328,0.47930873995688816,0.4002838621468444
fiqa,E5,0.05,baseline,0.6033950617283951,0.683641975308642,0.38963848223107483,0.47050885928200736,0.4776816333529297,0.3986663557596119
fiqa,E5,0.05,full_oracle,0.720679012345679,0.7870370370370371,0.462937889442519,0.5401137485628226,0.5955332647462277,0.4783293760596128
fiqa,E5,0.05,subspace_oracle_r128,0.6712962962962963,0.7484567901234568,0.43310066134140207,0.5192057042751487,0.5447977905153831,0.4470944319380922
fiqa,E5,0.05,predicted_subspace_r128,0.6049382716049383,0.6882716049382716,0.3920818978689349,0.47714037505704165,0.47954695767195765,0.40194958302007555
fiqa,E5,0.1,baseline,0.6033950617283951,0.683641975308642,0.38963848223107483,0.47050885928200736,0.4776816333529297,0.3986663557596119
fiqa,E5,0.1,full_oracle,0.8287037037037037,0.8858024691358025,0.5353162698070106,0.6059806405871221,0.7132036302175191,0.5575798614225376
fiqa,E5,0.1,subspace_oracle_r128,0.7345679012345679,0.7978395061728395,0.4756583479963109,0.5481016968285486,0.6110615079365079,0.4886173693214302
fiqa,E5,0.1,predicted_subspace_r128,0.6080246913580247,0.683641975308642,0.39575988140802953,0.4757000458389347,0.4816504997060553,0.4042292840246464
fiqa,E5,0.2,baseline,0.6033950617283951,0.683641975308642,0.38963848223107483,0.47050885928200736,0.4776816333529297,0.3986663557596119
fiqa,E5,0.2,full_oracle,0.9645061728395061,0.9799382716049383,0.638934239628684,0.6938229637303711,0.9115667254556143,0.6927030045959495
fiqa,E5,0.2,subspace_oracle_r128,0.8611111111111112,0.8950617283950617,0.5579157211101655,0.6178351869324091,0.7392085537918871,0.5752074613630063
fiqa,E5,0.2,predicted_subspace_r128,0.6111111111111112,0.6851851851851852,0.3990876750136009,0.47371959316403767,0.48283975112678823,0.40385380022600786
fiqa,E5,0.3,baseline,0.6033950617283951,0.683641975308642,0.38963848223107483,0.47050885928200736,0.4776816333529297,0.3986663557596119
fiqa,E5,0.3,full_oracle,1.0,1.0,0.6804399432871655,0.7216650419196715,0.9931841563786007,0.7561566824901218
fiqa,E5,0.3,subspace_oracle_r128,0.9351851851851852,0.9660493827160493,0.6179564776786999,0.6850016153256894,0.8519535077405447,0.6572159225969413
fiqa,E5,0.3,predicted_subspace_r128,0.6126543209876543,0.6929012345679012,0.40387285040062826,0.48118768234508974,0.48704377327062504,0.40773854163639217
fiqa,E5,0.5,baseline,0.6033950617283951,0.683641975308642,0.38963848223107483,0.47050885928200736,0.4776816333529297,0.3986663557596119
fiqa,E5,0.5,full_oracle,1.0,1.0,0.6932657320388802,0.7434266565053602,1.0,0.773625654715276
fiqa,E5,0.5,subspace_oracle_r128,0.9969135802469136,0.9984567901234568,0.6756621165185981,0.7284024060644431,0.986331569664903,0.7541797181254563
fiqa,E5,0.5,predicted_subspace_r128,0.6064814814814815,0.6944444444444444,0.3949050863402715,0.48084229727748234,0.48920304232804235,0.40781974705069823
fiqa,E5,0.75,baseline,0.6033950617283951,0.683641975308642,0.38963848223107483,0.47050885928200736,0.4776816333529297,0.3986663557596119
fiqa,E5,0.75,full_oracle,1.0,1.0,0.69570603008103,0.7406795921842217,1.0,0.774785777820131
fiqa,E5,0.75,subspace_oracle_r128,1.0,1.0,0.6865067459974867,0.7358631851687407,1.0,0.7695487972442441
fiqa,E5,0.75,predicted_subspace_r128,0.6018518518518519,0.6774691358024691,0.3861448650800503,0.461350181026107,0.4702950470311581,0.39139363907158625
fiqa,E5,1.0,baseline,0.6033950617283951,0.683641975308642,0.38963848223107483,0.47050885928200736,0.4776816333529297,0.3986663557596119
fiqa,E5,1.0,full_oracle,1.0,1.0,0.6930047061991507,0.725066227496783,1.0,0.7666718659456228
fiqa,E5,1.0,subspace_oracle_r128,1.0,1.0,0.685953762458392,0.7278097117217488,1.0,0.7651309443556567
fiqa,E5,1.0,predicted_subspace_r128,0.5771604938271605,0.6527777777777778,0.36415974714585825,0.43135373285836254,0.4391271066039585,0.3634310361157245
arguana,Qwen3,0.0,baseline,0.8056872037914692,0.9004739336492891,0.8056872037914692,0.9004739336492891,0.35211013315278716,0.4885240580158425
arguana,Qwen3,0.0,full_oracle,0.8056872037914692,0.9004739336492891,0.8056872037914692,0.9004739336492891,0.35211013315278716,0.4885240580158425
arguana,Qwen3,0.0,subspace_oracle_r128,0.8056872037914692,0.9004739336492891,0.8056872037914692,0.9004739336492891,0.35211013315278716,0.4885240580158425
arguana,Qwen3,0.0,predicted_subspace_r128,0.8056872037914692,0.9004739336492891,0.8056872037914692,0.9004739336492891,0.35211013315278716,0.4885240580158425
arguana,Qwen3,0.01,baseline,0.8056872037914692,0.9004739336492891,0.8056872037914692,0.9004739336492891,0.35211013315278716,0.4885240580158425
arguana,Qwen3,0.01,full_oracle,0.8151658767772512,0.909952606635071,0.8151658767772512,0.909952606635071,0.3590423531181825,0.49620999972886154
arguana,Qwen3,0.01,subspace_oracle_r128,0.8104265402843602,0.9052132701421801,0.8104265402843602,0.9052132701421801,0.3551380425788008,0.49210429681651596
arguana,Qwen3,0.01,predicted_subspace_r128,0.8009478672985783,0.9004739336492891,0.8009478672985783,0.9004739336492891,0.3521891220943354,0.48858651361163546
arguana,Qwen3,0.02,baseline,0.8056872037914692,0.9004739336492891,0.8056872037914692,0.9004739336492891,0.35211013315278716,0.4885240580158425
arguana,Qwen3,0.02,full_oracle,0.8199052132701422,0.9241706161137441,0.8199052132701422,0.9241706161137441,0.3638870081998044,0.503283463955401
arguana,Qwen3,0.02,subspace_oracle_r128,0.8104265402843602,0.909952606635071,0.8104265402843602,0.909952606635071,0.3613067027758971,0.4980196013412583
arguana,Qwen3,0.02,predicted_subspace_r128,0.8056872037914692,0.9004739336492891,0.8056872037914692,0.9004739336492891,0.3501354096140826,0.4869910446566587
arguana,Qwen3,0.05,baseline,0.8056872037914692,0.9004739336492891,0.8056872037914692,0.9004739336492891,0.35211013315278716,0.4885240580158425
arguana,Qwen3,0.05,full_oracle,0.8483412322274881,0.9383886255924171,0.8483412322274881,0.9383886255924171,0.38182125930941097,0.5212071655008353
arguana,Qwen3,0.05,subspace_oracle_r128,0.8199052132701422,0.9241706161137441,0.8199052132701422,0.9241706161137441,0.3686583164071316,0.507153611525741
arguana,Qwen3,0.05,predicted_subspace_r128,0.8151658767772512,0.9004739336492891,0.8151658767772512,0.9004739336492891,0.35376325885804555,0.4899442518962231
arguana,Qwen3,0.1,baseline,0.8056872037914692,0.9004739336492891,0.8056872037914692,0.9004739336492891,0.35211013315278716,0.4885240580158425
arguana,Qwen3,0.1,full_oracle,0.9052132701421801,0.966824644549763,0.9052132701421801,0.966824644549763,0.41587489656210036,0.5553889033992652
arguana,Qwen3,0.1,subspace_oracle_r128,0.8578199052132701,0.9478672985781991,0.8578199052132701,0.9478672985781991,0.3832242533664334,0.5244763179457799
arguana,Qwen3,0.1,predicted_subspace_r128,0.8151658767772512,0.9004739336492891,0.8151658767772512,0.9004739336492891,0.3543161814488829,0.49039365063088836
arguana,Qwen3,0.2,baseline,0.8056872037914692,0.9004739336492891,0.8056872037914692,0.9004739336492891,0.35211013315278716,0.4885240580158425
arguana,Qwen3,0.2,full_oracle,0.966824644549763,0.990521327014218,0.966824644549763,0.990521327014218,0.46171669299631385,0.5978642186914676
arguana,Qwen3,0.2,subspace_oracle_r128,0.9241706161137441,0.966824644549763,0.9241706161137441,0.966824644549763,0.4200631911532386,0.5589576963435141
arguana,Qwen3,0.2,predicted_subspace_r128,0.8104265402843602,0.9004739336492891,0.8104265402843602,0.9004739336492891,0.35671782140976455,0.4924084556453683
arguana,Qwen3,0.3,baseline,0.8056872037914692,0.9004739336492891,0.8056872037914692,0.9004739336492891,0.35211013315278716,0.4885240580158425
arguana,Qwen3,0.3,full_oracle,0.995260663507109,1.0,0.995260663507109,1.0,0.48870458135860984,0.621487589838828
arguana,Qwen3,0.3,subspace_oracle_r128,0.966824644549763,0.985781990521327,0.966824644549763,0.985781990521327,0.44756450763559763,0.5853678762413045
arguana,Qwen3,0.3,predicted_subspace_r128,0.8104265402843602,0.9146919431279621,0.8104265402843602,0.9146919431279621,0.3586323628977658,0.4969925879020226
arguana,Qwen3,0.5,baseline,0.8056872037914692,0.9004739336492891,0.8056872037914692,0.9004739336492891,0.35211013315278716,0.4885240580158425
arguana,Qwen3,0.5,full_oracle,1.0,1.0,1.0,1.0,0.8499210110584517,0.8890707379485523
arguana,Qwen3,0.5,subspace_oracle_r128,0.990521327014218,1.0,0.990521327014218,1.0,0.47626382306477094,0.6119344236194736
arguana,Qwen3,0.5,predicted_subspace_r128,0.8056872037914692,0.9241706161137441,0.8056872037914692,0.9241706161137441,0.3602196644850673,0.5002026040524984
arguana,Qwen3,0.75,baseline,0.8056872037914692,0.9004739336492891,0.8056872037914692,0.9004739336492891,0.35211013315278716,0.4885240580158425
arguana,Qwen3,0.75,full_oracle,1.0,1.0,1.0,1.0,0.9715639810426541,0.9790102229519311
arguana,Qwen3,0.75,subspace_oracle_r128,1.0,1.0,1.0,1.0,0.5341232227488152,0.65563640085559
arguana,Qwen3,0.75,predicted_subspace_r128,0.8151658767772512,0.9289099526066351,0.8151658767772512,0.9289099526066351,0.36270029338749715,0.5034570287389479
arguana,Qwen3,1.0,baseline,0.8056872037914692,0.9004739336492891,0.8056872037914692,0.9004739336492891,0.35211013315278716,0.4885240580158425
arguana,Qwen3,1.0,full_oracle,1.0,1.0,1.0,1.0,0.9786729857819905,0.9842576672139484
arguana,Qwen3,1.0,subspace_oracle_r128,1.0,1.0,1.0,1.0,0.782780410742496,0.8395864837339324
arguana,Qwen3,1.0,predicted_subspace_r128,0.8104265402843602,0.9289099526066351,0.8104265402843602,0.9289099526066351,0.3583370947115023,0.49982689685537557
arguana,BGE-M3,0.0,baseline,0.6255924170616114,0.7819905213270142,0.6255924170616114,0.7819905213270142,0.270456255171895,0.3949765089104899
arguana,BGE-M3,0.0,full_oracle,0.6255924170616114,0.7819905213270142,0.6255924170616114,0.7819905213270142,0.270456255171895,0.3949765089104899
arguana,BGE-M3,0.0,subspace_oracle_r128,0.6255924170616114,0.7819905213270142,0.6255924170616114,0.7819905213270142,0.270456255171895,0.3949765089104899
arguana,BGE-M3,0.0,predicted_subspace_r128,0.6255924170616114,0.7819905213270142,0.6255924170616114,0.7819905213270142,0.270456255171895,0.3949765089104899
arguana,BGE-M3,0.01,baseline,0.6255924170616114,0.7819905213270142,0.6255924170616114,0.7819905213270142,0.270456255171895,0.3949765089104899
arguana,BGE-M3,0.01,full_oracle,0.6303317535545023,0.7962085308056872,0.6303317535545023,0.7962085308056872,0.2762205672158279,0.402815922224861
arguana,BGE-M3,0.01,subspace_oracle_r128,0.6303317535545023,0.7914691943127962,0.6303317535545023,0.7914691943127962,0.27407658165952004,0.40000929997035245
arguana,BGE-M3,0.01,predicted_subspace_r128,0.6255924170616114,0.7819905213270142,0.6255924170616114,0.7819905213270142,0.27108816670428043,0.39551275153023147
arguana,BGE-M3,0.02,baseline,0.6255924170616114,0.7819905213270142,0.6255924170616114,0.7819905213270142,0.270456255171895,0.3949765089104899
arguana,BGE-M3,0.02,full_oracle,0.6445497630331753,0.8056872037914692,0.6445497630331753,0.8056872037914692,0.28745768449559916,0.414091691854684
arguana,BGE-M3,0.02,subspace_oracle_r128,0.6350710900473934,0.7962085308056872,0.6350710900473934,0.7962085308056872,0.2770762807492665,0.4035717843757084
arguana,BGE-M3,0.02,predicted_subspace_r128,0.6255924170616114,0.7819905213270142,0.6255924170616114,0.7819905213270142,0.2702982772887986,0.394892231371125
arguana,BGE-M3,0.05,baseline,0.6255924170616114,0.7819905213270142,0.6255924170616114,0.7819905213270142,0.270456255171895,0.3949765089104899
arguana,BGE-M3,0.05,full_oracle,0.7109004739336493,0.8483412322274881,0.7109004739336493,0.8483412322274881,0.3149759271797187,0.44597997834309594
arguana,BGE-M3,0.05,subspace_oracle_r128,0.6635071090047393,0.8199052132701422,0.6635071090047393,0.8199052132701422,0.2986665914391033,0.4263789166203784
arguana,BGE-M3,0.05,predicted_subspace_r128,0.6303317535545023,0.7819905213270142,0.6303317535545023,0.7819905213270142,0.2713119687053336,0.39578403911300986
arguana,BGE-M3,0.1,baseline,0.6255924170616114,0.7819905213270142,0.6255924170616114,0.7819905213270142,0.270456255171895,0.3949765089104899
arguana,BGE-M3,0.1,full_oracle,0.7914691943127962,0.9146919431279621,0.7914691943127962,0.9146919431279621,0.3517339953358911,0.4911138676589402
arguana,BGE-M3,0.1,subspace_oracle_r128,0.7345971563981043,0.8530805687203792,0.7345971563981043,0.8530805687203792,0.32147746934476795,0.4527109500079911
arguana,BGE-M3,0.1,predicted_subspace_r128,0.6303317535545023,0.7914691943127962,0.6303317535545023,0.7914691943127962,0.27484578349507255,0.40064363277378234
arguana,BGE-M3,0.2,baseline,0.6255924170616114,0.7819905213270142,0.6255924170616114,0.7819905213270142,0.270456255171895,0.3949765089104899
arguana,BGE-M3,0.2,full_oracle,0.9383886255924171,0.976303317535545,0.9383886255924171,0.976303317535545,0.4230760550665764,0.563862554121156
arguana,BGE-M3,0.2,subspace_oracle_r128,0.8293838862559242,0.9289099526066351,0.8293838862559242,0.9289099526066351,0.36470134657338443,0.5051657325770235
arguana,BGE-M3,0.2,predicted_subspace_r128,0.6398104265402843,0.8009478672985783,0.6398104265402843,0.8009478672985783,0.2795192958700068,0.40646138783075597
arguana,BGE-M3,0.3,baseline,0.6255924170616114,0.7819905213270142,0.6255924170616114,0.7819905213270142,0.270456255171895,0.3949765089104899
arguana,BGE-M3,0.3,full_oracle,0.981042654028436,0.995260663507109,0.981042654028436,0.995260663507109,0.4685624012638231,0.6048451356418239
arguana,BGE-M3,0.3,subspace_oracle_r128,0.9052132701421801,0.966824644549763,0.9052132701421801,0.966824644549763,0.4066651621153991,0.5482785125177376
arguana,BGE-M3,0.3,predicted_subspace_r128,0.6635071090047393,0.8151658767772512,0.6635071090047393,0.8151658767772512,0.2870044384262394,0.4158566076593138
arguana,BGE-M3,0.5,baseline,0.6255924170616114,0.7819905213270142,0.6255924170616114,0.7819905213270142,0.270456255171895,0.3949765089104899
arguana,BGE-M3,0.5,full_oracle,1.0,1.0,1.0,1.0,0.5643759873617694,0.6782239001906227
arguana,BGE-M3,0.5,subspace_oracle_r128,0.990521327014218,0.995260663507109,0.990521327014218,0.995260663507109,0.4691604603926879,0.605319181604493
arguana,BGE-M3,0.5,predicted_subspace_r128,0.6777251184834123,0.8246445497630331,0.6777251184834123,0.8246445497630331,0.29251109606559844,0.4227459853799829
arguana,BGE-M3,0.75,baseline,0.6255924170616114,0.7819905213270142,0.6255924170616114,0.7819905213270142,0.270456255171895,0.3949765089104899
arguana,BGE-M3,0.75,full_oracle,1.0,1.0,1.0,1.0,0.990521327014218,0.9930034076506437
arguana,BGE-M3,0.75,subspace_oracle_r128,1.0,1.0,1.0,1.0,0.514612954186414,0.6412669655765418
arguana,BGE-M3,0.75,predicted_subspace_r128,0.7061611374407583,0.8388625592417062,0.7061611374407583,0.8388625592417062,0.30204618972391484,0.4337836037408016
arguana,BGE-M3,1.0,baseline,0.6255924170616114,0.7819905213270142,0.6255924170616114,0.7819905213270142,0.270456255171895,0.3949765089104899
arguana,BGE-M3,1.0,full_oracle,1.0,1.0,1.0,1.0,0.9976303317535545,0.9982508519126609
arguana,BGE-M3,1.0,subspace_oracle_r128,1.0,1.0,1.0,1.0,0.8507109004739336,0.8896912581076588
arguana,BGE-M3,1.0,predicted_subspace_r128,0.7109004739336493,0.8436018957345972,0.7109004739336493,0.8436018957345972,0.30495749642669073,0.4373853231745722
arguana,E5,0.0,baseline,0.4976303317535545,0.6635071090047393,0.4976303317535545,0.6635071090047393,0.21666290528849771,0.32448432562968693
arguana,E5,0.0,full_oracle,0.4976303317535545,0.6635071090047393,0.4976303317535545,0.6635071090047393,0.21666290528849771,0.32448432562968693
arguana,E5,0.0,subspace_oracle_r128,0.4976303317535545,0.6635071090047393,0.4976303317535545,0.6635071090047393,0.21666290528849771,0.32448432562968693
arguana,E5,0.0,predicted_subspace_r128,0.4976303317535545,0.6635071090047393,0.4976303317535545,0.6635071090047393,0.21666290528849771,0.32448432562968693
arguana,E5,0.01,baseline,0.4976303317535545,0.6635071090047393,0.4976303317535545,0.6635071090047393,0.21666290528849771,0.32448432562968693
arguana,E5,0.01,full_oracle,0.5165876777251185,0.6872037914691943,0.5165876777251185,0.6872037914691943,0.22493417588204317,0.3366220550490758
arguana,E5,0.01,subspace_oracle_r128,0.5071090047393365,0.6777251184834123,0.5071090047393365,0.6777251184834123,0.22165049274054016,0.331721608881773
arguana,E5,0.01,predicted_subspace_r128,0.4976303317535545,0.6729857819905213,0.4976303317535545,0.6729857819905213,0.21758444293989315,0.32724697582231826
arguana,E5,0.02,baseline,0.4976303317535545,0.6635071090047393,0.4976303317535545,0.6635071090047393,0.21666290528849771,0.32448432562968693
arguana,E5,0.02,full_oracle,0.5545023696682464,0.7251184834123223,0.5545023696682464,0.7251184834123223,0.2350127886857745,0.35317549094310585
arguana,E5,0.02,subspace_oracle_r128,0.5260663507109005,0.6966824644549763,0.5260663507109005,0.6966824644549763,0.2289832994809298,0.3419351345259489
arguana,E5,0.02,predicted_subspace_r128,0.4976303317535545,0.6777251184834123,0.4976303317535545,0.6777251184834123,0.22182915820356577,0.33179874236497015
arguana,E5,0.05,baseline,0.4976303317535545,0.6635071090047393,0.4976303317535545,0.6635071090047393,0.21666290528849771,0.32448432562968693
arguana,E5,0.05,full_oracle,0.6540284360189573,0.7867298578199052,0.6540284360189573,0.7867298578199052,0.27374934175882043,0.3988405808047026
arguana,E5,0.05,subspace_oracle_r128,0.5829383886255924,0.7440758293838863,0.5829383886255924,0.7440758293838863,0.24781651997291806,0.3679500964832476
arguana,E5,0.05,predicted_subspace_r128,0.5213270142180095,0.6966824644549763,0.5213270142180095,0.6966824644549763,0.2283664334612202,0.3414894491572748
arguana,E5,0.1,baseline,0.4976303317535545,0.6635071090047393,0.4976303317535545,0.6635071090047393,0.21666290528849771,0.32448432562968693
arguana,E5,0.1,full_oracle,0.7914691943127962,0.9052132701421801,0.7914691943127962,0.9052132701421801,0.34021853607161673,0.47985518624452367
arguana,E5,0.1,subspace_oracle_r128,0.6682464454976303,0.8056872037914692,0.6682464454976303,0.8056872037914692,0.28241179568193786,0.41027951109812755
arguana,E5,0.1,predicted_subspace_r128,0.5450236966824644,0.7298578199052133,0.5450236966824644,0.7298578199052133,0.23569924020160987,0.35467874259523235
arguana,E5,0.2,baseline,0.4976303317535545,0.6635071090047393,0.4976303317535545,0.6635071090047393,0.21666290528849771,0.32448432562968693
arguana,E5,0.2,full_oracle,0.957345971563981,0.990521327014218,0.957345971563981,0.990521327014218,0.4428496201008049,0.5827487964306561
arguana,E5,0.2,subspace_oracle_r128,0.8151658767772512,0.919431279620853,0.8151658767772512,0.919431279620853,0.348935529978184,0.49024901285119277
arguana,E5,0.2,predicted_subspace_r128,0.6113744075829384,0.7677725118483413,0.6113744075829384,0.7677725118483413,0.25717859023546225,0.3810710756270466
arguana,E5,0.3,baseline,0.4976303317535545,0.6635071090047393,0.4976303317535545,0.6635071090047393,0.21666290528849771,0.32448432562968693
arguana,E5,0.3,full_oracle,1.0,1.0,1.0,1.0,0.48475513428120065,0.6187466145025196
arguana,E5,0.3,subspace_oracle_r128,0.919431279620853,0.985781990521327,0.919431279620853,0.985781990521327,0.40854961257804867,0.5539172045922067
arguana,E5,0.3,predicted_subspace_r128,0.6492890995260664,0.8009478672985783,0.6492890995260664,0.8009478672985783,0.2749153689911984,0.40278580318547463
arguana,E5,0.5,baseline,0.4976303317535545,0.6635071090047393,0.4976303317535545,0.6635071090047393,0.21666290528849771,0.32448432562968693
arguana,E5,0.5,full_oracle,1.0,1.0,1.0,1.0,0.812006319115324,0.8611967809411075
arguana,E5,0.5,subspace_oracle_r128,0.985781990521327,1.0,0.985781990521327,1.0,0.4728672985781991,0.6092595234278094
arguana,E5,0.5,predicted_subspace_r128,0.6824644549763034,0.8293838862559242,0.6824644549763034,0.8293838862559242,0.29542616414654327,0.42614124710222856
arguana,E5,0.75,baseline,0.4976303317535545,0.6635071090047393,0.4976303317535545,0.6635071090047393,0.21666290528849771,0.32448432562968693
arguana,E5,0.75,full_oracle,1.0,1.0,1.0,1.0,0.9834123222748815,0.9877559633886265
arguana,E5,0.75,subspace_oracle_r128,1.0,1.0,1.0,1.0,0.5167456556082148,0.642808418162275
arguana,E5,0.75,predicted_subspace_r128,0.6872037914691943,0.8672985781990521,0.6872037914691943,0.8672985781990521,0.3079101782893252,0.4444373890699754
arguana,E5,1.0,baseline,0.4976303317535545,0.6635071090047393,0.4976303317535545,0.6635071090047393,0.21666290528849771,0.32448432562968693
arguana,E5,1.0,full_oracle,1.0,1.0,1.0,1.0,0.9786729857819905,0.9842576672139484
arguana,E5,1.0,subspace_oracle_r128,1.0,1.0,1.0,1.0,0.6899684044233808,0.7710411612095733
arguana,E5,1.0,predicted_subspace_r128,0.7109004739336493,0.8578199052132701,0.7109004739336493,0.8578199052132701,0.3047092454675393,0.439893237041327
