heldout_corpus,model,method,rank,energy_retention,mean_squared_error,mean_cosine
fiqa,text-embedding-3-small (Aiberm),delta_svd,8,0.04308952076027639,0.0004969272517906998,0.20142131037004804
fiqa,text-embedding-3-small (Aiberm),delta_svd,16,0.07714558025937712,0.0004792418105494727,0.27322396546343275
fiqa,text-embedding-3-small (Aiberm),delta_svd,32,0.12647183146917207,0.00045362650066772093,0.3519162417833822
fiqa,text-embedding-3-small (Aiberm),delta_svd,64,0.21278831937183917,0.0004088020201669153,0.45748348489325313
fiqa,text-embedding-3-small (Aiberm),delta_svd,128,0.3387871695091341,0.00034337033801284337,0.5782477725226645
fiqa,text-embedding-3-small (Aiberm),tangent_delta_svd,8,0.03474863288616048,0.0005012587065910192,0.18033895719928983
fiqa,text-embedding-3-small (Aiberm),tangent_delta_svd,16,0.05967975102704026,0.0004883118821068106,0.238943531738694
fiqa,text-embedding-3-small (Aiberm),tangent_delta_svd,32,0.11127557156457069,0.0004615179762401177,0.3287531864443308
fiqa,text-embedding-3-small (Aiberm),tangent_delta_svd,64,0.20253131854738504,0.0004141285197109067,0.44579537958237075
fiqa,text-embedding-3-small (Aiberm),tangent_delta_svd,128,0.3337028250247528,0.0003460106574435473,0.573617447394715
fiqa,text-embedding-3-small (Aiberm),ranking_boundary_svd,8,0.0397774977354487,0.0004986471979458541,0.19223246204900468
fiqa,text-embedding-3-small (Aiberm),ranking_boundary_svd,16,0.06673114000477276,0.00048465006898841333,0.2521114038737861
fiqa,text-embedding-3-small (Aiberm),ranking_boundary_svd,32,0.11929805089594014,0.00045735187220721747,0.34041974996400304
fiqa,text-embedding-3-small (Aiberm),ranking_boundary_svd,64,0.20177399429660814,0.0004145218010750652,0.44448498053804864
fiqa,text-embedding-3-small (Aiberm),ranking_boundary_svd,128,0.3298747311030531,0.00034799860117849134,0.5700449840183779
fiqa,text-embedding-3-small (Aiberm),random_subspace,8,0.004976411683784043,0.0005167195343097795,0.06847570611772154
fiqa,text-embedding-3-small (Aiberm),random_subspace,16,0.010191571257249454,0.0005140112821057164,0.09955925994679124
fiqa,text-embedding-3-small (Aiberm),random_subspace,32,0.021163512782409133,0.0005083135111363382,0.1445010102738196
fiqa,text-embedding-3-small (Aiberm),random_subspace,64,0.04227805765551107,0.0004973486476676694,0.20498546829176487
fiqa,text-embedding-3-small (Aiberm),random_subspace,128,0.08342807048738055,0.0004759792894765672,0.28826494519655943
arguana,text-embedding-3-small (Aiberm),delta_svd,8,0.03507311374039668,0.0003891027825401697,0.18188357598793853
arguana,text-embedding-3-small (Aiberm),delta_svd,16,0.06997367120400233,0.0003750292768531922,0.26051545267575626
arguana,text-embedding-3-small (Aiberm),delta_svd,32,0.13054245591509106,0.00035060516451705756,0.35804956979759334
arguana,text-embedding-3-small (Aiberm),delta_svd,64,0.23335040124985806,0.0003091482850719624,0.4797771521147524
arguana,text-embedding-3-small (Aiberm),delta_svd,128,0.37986222228180244,0.00025006799821257074,0.6128256522389861
arguana,text-embedding-3-small (Aiberm),tangent_delta_svd,8,0.032034032293304704,0.0003903282795848355,0.1735922507770286
arguana,text-embedding-3-small (Aiberm),tangent_delta_svd,16,0.06698910890035314,0.0003762327892783833,0.2547597769403682
arguana,text-embedding-3-small (Aiberm),tangent_delta_svd,32,0.1276049479619551,0.0003517897024696995,0.3533084796923392
arguana,text-embedding-3-small (Aiberm),tangent_delta_svd,64,0.23399860718960697,0.00030888689870330906,0.4801763506821074
arguana,text-embedding-3-small (Aiberm),tangent_delta_svd,128,0.3814934101380124,0.00024941022844500075,0.6140788376896138
arguana,text-embedding-3-small (Aiberm),ranking_boundary_svd,8,0.037324731339320905,0.000388194827040708,0.187961189638625
arguana,text-embedding-3-small (Aiberm),ranking_boundary_svd,16,0.07116025895538103,0.0003745507902420674,0.2625355491782295
arguana,text-embedding-3-small (Aiberm),ranking_boundary_svd,32,0.13308655720762264,0.0003495792661758627,0.36143825107798194
arguana,text-embedding-3-small (Aiberm),ranking_boundary_svd,64,0.23644231325901255,0.0003079014843212911,0.4826616428962744
arguana,text-embedding-3-small (Aiberm),ranking_boundary_svd,128,0.3844761236989328,0.00024820746151768124,0.6164351524043719
arguana,text-embedding-3-small (Aiberm),random_subspace,8,0.005153164113017361,0.0004011678786829493,0.06923968493280776
arguana,text-embedding-3-small (Aiberm),random_subspace,16,0.010406907270687826,0.0003990493284482002,0.10097111353714285
arguana,text-embedding-3-small (Aiberm),random_subspace,32,0.020217953601076588,0.0003950930645269172,0.14163891355367064
arguana,text-embedding-3-small (Aiberm),random_subspace,64,0.03998441074147141,0.0003871223223040506,0.19981397078504284
arguana,text-embedding-3-small (Aiberm),random_subspace,128,0.08327004975926644,0.00036966756710374613,0.2886127219712734
scifact,text-embedding-3-small (Aiberm),delta_svd,8,0.06093537521642711,0.0004555189820235299,0.23996529604556216
scifact,text-embedding-3-small (Aiberm),delta_svd,16,0.0948619120128622,0.0004390619873745645,0.30300403363959055
scifact,text-embedding-3-small (Aiberm),delta_svd,32,0.14716959998985013,0.0004136887125748952,0.3769754886733193
scifact,text-embedding-3-small (Aiberm),delta_svd,64,0.2472899498751412,0.0003651225983204066,0.49099511454151135
scifact,text-embedding-3-small (Aiberm),delta_svd,128,0.3890086200005196,0.00029637808101509445,0.6164065510191805
scifact,text-embedding-3-small (Aiberm),tangent_delta_svd,8,0.05249508149493842,0.00045961317735633594,0.22649253850867715
scifact,text-embedding-3-small (Aiberm),tangent_delta_svd,16,0.09286080344401237,0.00044003267982122246,0.2992647073768624
scifact,text-embedding-3-small (Aiberm),tangent_delta_svd,32,0.14604244922206489,0.0004142354678852093,0.3757763791197597
scifact,text-embedding-3-small (Aiberm),tangent_delta_svd,64,0.2500965904933834,0.0003637611605198695,0.4938448662429109
scifact,text-embedding-3-small (Aiberm),tangent_delta_svd,128,0.39418978717355635,0.00029386481415989864,0.6202666121347
scifact,text-embedding-3-small (Aiberm),ranking_boundary_svd,8,0.05133888759000094,0.00046017402083472835,0.224355857063309
scifact,text-embedding-3-small (Aiberm),ranking_boundary_svd,16,0.0787407336715158,0.0004468820058836872,0.2775115047287059
scifact,text-embedding-3-small (Aiberm),ranking_boundary_svd,32,0.13461758712488392,0.00041977740974407393,0.3605624929859896
scifact,text-embedding-3-small (Aiberm),ranking_boundary_svd,64,0.2454759183568399,0.0003660025439266695,0.4878976347218934
scifact,text-embedding-3-small (Aiberm),ranking_boundary_svd,128,0.39135727518747965,0.0002952388015750507,0.6181495734064152
scifact,text-embedding-3-small (Aiberm),random_subspace,8,0.006441962990398342,0.0004819525021552356,0.07810435657101629
scifact,text-embedding-3-small (Aiberm),random_subspace,16,0.012147179574194089,0.0004791850307992856,0.10791271984230098
scifact,text-embedding-3-small (Aiberm),random_subspace,32,0.02198357820905039,0.00047441361659128045,0.14698943231056757
scifact,text-embedding-3-small (Aiberm),random_subspace,64,0.04276597317426045,0.0004643325474627897,0.20598387658284562
scifact,text-embedding-3-small (Aiberm),random_subspace,128,0.08209210331002992,0.00044525633237216256,0.28638289824442764
nfcorpus,text-embedding-3-small (Aiberm),delta_svd,8,0.06101879144731703,0.0007337057476789332,0.24289284760381996
nfcorpus,text-embedding-3-small (Aiberm),delta_svd,16,0.10243486754557096,0.0007013438507604262,0.31717390464577533
nfcorpus,text-embedding-3-small (Aiberm),delta_svd,32,0.15243356634531613,0.0006622756219697937,0.38722560219008273
nfcorpus,text-embedding-3-small (Aiberm),delta_svd,64,0.251833395970792,0.000584606094986468,0.4996734290353728
nfcorpus,text-embedding-3-small (Aiberm),delta_svd,128,0.3904287573397135,0.0004763097709367508,0.6231075411328515
nfcorpus,text-embedding-3-small (Aiberm),tangent_delta_svd,8,0.0618243818770885,0.0007330762714730041,0.24113491864569322
nfcorpus,text-embedding-3-small (Aiberm),tangent_delta_svd,16,0.10983923608231072,0.0006955581889134627,0.3268144946696389
nfcorpus,text-embedding-3-small (Aiberm),tangent_delta_svd,32,0.16010733278979916,0.0006562794566627784,0.39529175240493947
nfcorpus,text-embedding-3-small (Aiberm),tangent_delta_svd,64,0.2564849736335433,0.0005809714223904146,0.5028708885980475
nfcorpus,text-embedding-3-small (Aiberm),tangent_delta_svd,128,0.3986869853875087,0.00046985691615209537,0.6285934132338593
nfcorpus,text-embedding-3-small (Aiberm),ranking_boundary_svd,8,0.05470676890693105,0.0007386378668472161,0.22509187324794744
nfcorpus,text-embedding-3-small (Aiberm),ranking_boundary_svd,16,0.08739407137000788,0.0007130965019350836,0.2890284502857434
nfcorpus,text-embedding-3-small (Aiberm),ranking_boundary_svd,32,0.13886785310520178,0.0006728756655968411,0.3672631572686618
nfcorpus,text-embedding-3-small (Aiberm),ranking_boundary_svd,64,0.23418515229500647,0.0005983961662929224,0.48095797813908703
nfcorpus,text-embedding-3-small (Aiberm),ranking_boundary_svd,128,0.3831393726422866,0.00048200558614671507,0.6161745190860332
nfcorpus,text-embedding-3-small (Aiberm),random_subspace,8,0.0048868124011389735,0.0007775664291064715,0.06781218507475147
nfcorpus,text-embedding-3-small (Aiberm),random_subspace,16,0.010111033516967072,0.000773484301557043,0.09856045160445746
nfcorpus,text-embedding-3-small (Aiberm),random_subspace,32,0.02031151324935554,0.0007655138006135026,0.14092566521973546
nfcorpus,text-embedding-3-small (Aiberm),random_subspace,64,0.04144652528892445,0.0007489992211209087,0.20232945086392523
nfcorpus,text-embedding-3-small (Aiberm),random_subspace,128,0.08343567384950956,0.0007161895340276685,0.28738766572359326
