heldout_corpus,model,method,rank,lambda,HitRate@5,HitRate@10,Recall@5,Recall@10,MRR@10,NDCG@10,baseline_ndcg,full_oracle_ndcg,oracle_ndcg_gain_retention
arguana,text-embedding-3-small (Aiberm),baseline,0,0.0,0.6161137440758294,0.8104265402843602,0.6161137440758294,0.8104265402843602,0.25771270593545476,0.3908201027297264,0.3908201027297264,0.9930034076506438,0.0
arguana,text-embedding-3-small (Aiberm),delta_svd,8,1.0,0.6824644549763034,0.8388625592417062,0.6824644549763034,0.8388625592417062,0.28544158579703605,0.4199674306472792,0.3908201027297264,0.9930034076506438,0.048402749925756626
arguana,text-embedding-3-small (Aiberm),delta_svd,16,1.0,0.7203791469194313,0.8720379146919431,0.7203791469194313,0.8720379146919431,0.30590536372526894,0.44417840983486195,0.3908201027297264,0.9930034076506438,0.08860808107614827
arguana,text-embedding-3-small (Aiberm),delta_svd,32,1.0,0.8199052132701422,0.909952606635071,0.8199052132701422,0.909952606635071,0.3490182802979011,0.4882636077896286,0.3908201027297264,0.9930034076506438,0.16181701529021816
arguana,text-embedding-3-small (Aiberm),delta_svd,64,1.0,0.9146919431279621,0.985781990521327,0.9146919431279621,0.985781990521327,0.42394493342360645,0.5661814208798214,0.3908201027297264,0.9930034076506438,0.2912091994531874
arguana,text-embedding-3-small (Aiberm),delta_svd,128,1.0,0.990521327014218,1.0,0.990521327014218,1.0,0.47985781990521326,0.6148931295884357,0.3908201027297264,0.9930034076506438,0.37210102808834267
arguana,text-embedding-3-small (Aiberm),full_oracle,0,1.0,1.0,1.0,1.0,1.0,0.990521327014218,0.9930034076506438,0.3908201027297264,0.9930034076506438,1.0
arguana,text-embedding-3-small (Aiberm),random_subspace,8,1.0,0.6255924170616114,0.8293838862559242,0.6255924170616114,0.8293838862559242,0.2613367938012488,0.3978461516022523,0.3908201027297264,0.9930034076506438,0.011667624816414661
arguana,text-embedding-3-small (Aiberm),random_subspace,16,1.0,0.6492890995260664,0.8293838862559242,0.6492890995260664,0.8293838862559242,0.2656097194011886,0.4014534783227421,0.3908201027297264,0.9930034076506438,0.017658037853460814
arguana,text-embedding-3-small (Aiberm),random_subspace,32,1.0,0.6540284360189573,0.8436018957345972,0.6540284360189573,0.8436018957345972,0.2726416158880614,0.41030760683676193,0.3908201027297264,0.9930034076506438,0.03236141544906291
arguana,text-embedding-3-small (Aiberm),random_subspace,64,1.0,0.6729857819905213,0.8530805687203792,0.6729857819905213,0.8530805687203792,0.2876156623786955,0.4248289972093213,0.3908201027297264,0.9930034076506438,0.056475983644317745
arguana,text-embedding-3-small (Aiberm),random_subspace,128,1.0,0.7251184834123223,0.8957345971563981,0.7251184834123223,0.8957345971563981,0.317313623711728,0.45865423278358614,0.3908201027297264,0.9930034076506438,0.11264697891743805
arguana,text-embedding-3-small (Aiberm),ranking_boundary_svd,8,1.0,0.6872037914691943,0.8578199052132701,0.6872037914691943,0.8578199052132701,0.2878206574889039,0.42598719511663546,0.3908201027297264,0.9930034076506438,0.058399314792573744
arguana,text-embedding-3-small (Aiberm),ranking_boundary_svd,16,1.0,0.7109004739336493,0.8815165876777251,0.7109004739336493,0.8815165876777251,0.3089238697058603,0.4485675741565647,0.3908201027297264,0.9930034076506438,0.09589683233483542
arguana,text-embedding-3-small (Aiberm),ranking_boundary_svd,32,1.0,0.8009478672985783,0.9052132701421801,0.8009478672985783,0.9052132701421801,0.3510061686601971,0.48871961423269217,0.3908201027297264,0.9930034076506438,0.1625742704969587
arguana,text-embedding-3-small (Aiberm),ranking_boundary_svd,64,1.0,0.9289099526066351,0.985781990521327,0.9289099526066351,0.985781990521327,0.4240370871887459,0.5664710152771815,0.3908201027297264,0.9930034076506438,0.2916901068363606
arguana,text-embedding-3-small (Aiberm),ranking_boundary_svd,128,1.0,0.995260663507109,1.0,0.995260663507109,1.0,0.48013992326788535,0.6151376581059271,0.3908201027297264,0.9930034076506438,0.3725070979934583
arguana,text-embedding-3-small (Aiberm),tangent_delta_svd,8,1.0,0.6777251184834123,0.8578199052132701,0.6777251184834123,0.8578199052132701,0.28325058301361616,0.4221340111706563,0.3908201027297264,0.9930034076506438,0.05200062536612876
arguana,text-embedding-3-small (Aiberm),tangent_delta_svd,16,1.0,0.7298578199052133,0.8767772511848341,0.7298578199052133,0.8767772511848341,0.30574738584217265,0.44515512926912587,0.3908201027297264,0.9930034076506438,0.09023004473120541
arguana,text-embedding-3-small (Aiberm),tangent_delta_svd,32,1.0,0.8199052132701422,0.9052132701421801,0.8199052132701422,0.9052132701421801,0.34711314225532236,0.48573360528281695,0.3908201027297264,0.9930034076506438,0.1576156326113279
arguana,text-embedding-3-small (Aiberm),tangent_delta_svd,64,1.0,0.9241706161137441,0.990521327014218,0.9241706161137441,0.990521327014218,0.42646505679681035,0.5692699779409636,0.3908201027297264,0.9930034076506438,0.29633813118527486
arguana,text-embedding-3-small (Aiberm),tangent_delta_svd,128,1.0,0.995260663507109,1.0,0.995260663507109,1.0,0.4794628751974724,0.6146255448367481,0.3908201027297264,0.9930034076506438,0.37165667044923034
fiqa,text-embedding-3-small (Aiberm),baseline,0,0.0,0.6419753086419753,0.7021604938271605,0.4439888643592348,0.5218286043517525,0.5211713697824809,0.4484005684848995,0.4484005684848995,0.7844153544115052,0.0
fiqa,text-embedding-3-small (Aiberm),delta_svd,8,1.0,0.6898148148148148,0.7561728395061729,0.4718297734501438,0.5483718142282957,0.5790686850872037,0.48393492024616863,0.4484005684848995,0.7844153544115052,0.10575234557990773
fiqa,text-embedding-3-small (Aiberm),delta_svd,16,1.0,0.7191358024691358,0.8101851851851852,0.4871828745671338,0.5786426108185366,0.6322040956300216,0.5173109724400364,0.4484005684848995,0.7844153544115052,0.2050814632014102
fiqa,text-embedding-3-small (Aiberm),delta_svd,32,1.0,0.8317901234567902,0.8888888888888888,0.5604620730778137,0.635291273369977,0.7272639868704683,0.5827896884595899,0.4484005684848995,0.7844153544115052,0.3999500188781705
fiqa,text-embedding-3-small (Aiberm),delta_svd,64,1.0,0.9552469135802469,0.9660493827160493,0.64711514480033,0.7057460586395772,0.8793907995296883,0.6876213411931973,0.4484005684848995,0.7844153544115052,0.7119352562078912
fiqa,text-embedding-3-small (Aiberm),delta_svd,128,1.0,0.9953703703703703,1.0,0.6919392678651938,0.7422386469840173,0.9877872085048011,0.765858811071414,0.4484005684848995,0.7844153544115052,0.9447746226734662
fiqa,text-embedding-3-small (Aiberm),full_oracle,0,0.75,1.0,1.0,0.7049346872263539,0.7578213924278739,1.0,0.7844153544115052,0.4484005684848995,0.7844153544115052,1.0
fiqa,text-embedding-3-small (Aiberm),random_subspace,8,1.0,0.6527777777777778,0.7098765432098766,0.4525040759994464,0.5269083368620405,0.5340375759357241,0.45604787776019406,0.4484005684848995,0.7844153544115052,0.022758847513826147
fiqa,text-embedding-3-small (Aiberm),random_subspace,16,1.0,0.6620370370370371,0.720679012345679,0.45755625119051047,0.5343843313750721,0.5427028218694886,0.46261944008170774,0.4484005684848995,0.7844153544115052,0.042316208072801904
fiqa,text-embedding-3-small (Aiberm),random_subspace,32,1.0,0.6743827160493827,0.7330246913580247,0.46302061707154296,0.5404199966699966,0.5612697187928669,0.4739326778532228,0.4484005684848995,0.7844153544115052,0.07598507695997686
fiqa,text-embedding-3-small (Aiberm),random_subspace,64,1.0,0.7037037037037037,0.7654320987654321,0.4817945000815371,0.554758988439544,0.593866965510484,0.49377017822480196,0.4484005684848995,0.7844153544115052,0.13502265864518337
fiqa,text-embedding-3-small (Aiberm),random_subspace,128,1.0,0.7654320987654321,0.8364197530864198,0.5156936770362696,0.5996406756823424,0.6691566235547717,0.5434792594935655,0.4484005684848995,0.7844153544115052,0.28295984281308856
fiqa,text-embedding-3-small (Aiberm),ranking_boundary_svd,8,1.0,0.691358024691358,0.7577160493827161,0.46851916516268366,0.5461966231642157,0.585674480697629,0.4854376760261613,0.4484005684848995,0.7844153544115052,0.11022463621393026
fiqa,text-embedding-3-small (Aiberm),ranking_boundary_svd,16,1.0,0.7237654320987654,0.8117283950617284,0.4920501095269614,0.5814743341363712,0.6350669949049579,0.5196232459271019,0.4484005684848995,0.7844153544115052,0.21196292670810982
fiqa,text-embedding-3-small (Aiberm),ranking_boundary_svd,32,1.0,0.8287037037037037,0.8827160493827161,0.5558985810143217,0.6363721883397809,0.7256050362531844,0.58200399602996,0.4484005684848995,0.7844153544115052,0.39761175144906546
fiqa,text-embedding-3-small (Aiberm),ranking_boundary_svd,64,1.0,0.9506172839506173,0.9660493827160493,0.6474409335520447,0.7027325683575684,0.8812426513815403,0.6897426136056912,0.4484005684848995,0.7844153544115052,0.7182482891497133
fiqa,text-embedding-3-small (Aiberm),ranking_boundary_svd,128,1.0,0.9984567901234568,0.9984567901234568,0.6909833350805572,0.7402846210716582,0.987962962962963,0.7642065633133995,0.4484005684848995,0.7844153544115052,0.9398574350162084
fiqa,text-embedding-3-small (Aiberm),tangent_delta_svd,8,1.0,0.6975308641975309,0.7592592592592593,0.4765138496619978,0.5507637895369377,0.5799909367038997,0.48610129484238745,0.4484005684848995,0.7844153544115052,0.11219960530463904
fiqa,text-embedding-3-small (Aiberm),tangent_delta_svd,16,1.0,0.7175925925925926,0.7916666666666666,0.4874719202265498,0.5655143039402298,0.6228762492651382,0.5107173839374124,0.4484005684848995,0.7844153544115052,0.18545855141661677
fiqa,text-embedding-3-small (Aiberm),tangent_delta_svd,32,1.0,0.8209876543209876,0.8858024691358025,0.5552537397444804,0.6302537568741272,0.7096291397217324,0.5736452701264597,0.4484005684848995,0.7844153544115052,0.3727356857115117
fiqa,text-embedding-3-small (Aiberm),tangent_delta_svd,64,1.0,0.9506172839506173,0.9691358024691358,0.6473766331405221,0.7084093761177095,0.8687469380756417,0.6845260641556764,0.4484005684848995,0.7844153544115052,0.7027235275365317
fiqa,text-embedding-3-small (Aiberm),tangent_delta_svd,128,1.0,0.9953703703703703,0.9969135802469136,0.6886581097229245,0.7398981120045934,0.9853395061728395,0.7630935297094595,0.4484005684848995,0.7844153544115052,0.9365449807714624
nfcorpus,text-embedding-3-small (Aiberm),baseline,0,0.0,0.5918367346938775,0.6326530612244898,0.1327469763665033,0.1816579564048936,0.4824263038548753,0.3245269233554225,0.3245269233554225,0.5826120112841471,0.0
nfcorpus,text-embedding-3-small (Aiberm),delta_svd,8,1.0,0.6122448979591837,0.6326530612244898,0.13130904792823983,0.1767888745973225,0.5097181729834791,0.3312722865300827,0.3245269233554225,0.5826120112841471,0.02613619883580063
nfcorpus,text-embedding-3-small (Aiberm),delta_svd,16,1.0,0.6530612244897959,0.7755102040816326,0.15426823160170922,0.2202294190634104,0.562358276643991,0.3613255747442174,0.3245269233554225,0.5826120112841471,0.14258340799200916
nfcorpus,text-embedding-3-small (Aiberm),delta_svd,32,1.0,0.7551020408163265,0.7755102040816326,0.1912786984188272,0.21801838972413845,0.622108843537415,0.38060016866893936,0.3245269233554225,0.5826120112841471,0.21726650603309028
nfcorpus,text-embedding-3-small (Aiberm),delta_svd,64,1.0,0.8979591836734694,0.9387755102040817,0.21238424487620275,0.2722254145773828,0.7912131519274377,0.46031444196931426,0.3245269233554225,0.5826120112841471,0.5261346934209241
nfcorpus,text-embedding-3-small (Aiberm),delta_svd,128,1.0,1.0,1.0,0.28558967662186735,0.33640455229294236,0.9863945578231291,0.5501401549028709,0.3245269233554225,0.5826120112841471,0.8741815862284771
nfcorpus,text-embedding-3-small (Aiberm),full_oracle,0,1.0,1.0,1.0,0.30655277759167293,0.34946339903432033,0.9897959183673469,0.5826120112841471,0.3245269233554225,0.5826120112841471,1.0
nfcorpus,text-embedding-3-small (Aiberm),random_subspace,8,0.5,0.5918367346938775,0.6530612244897959,0.13322158481453367,0.19186203803754664,0.48511499838030453,0.32858065978609585,0.3245269233554225,0.5826120112841471,0.015706976575852696
nfcorpus,text-embedding-3-small (Aiberm),random_subspace,16,1.0,0.5918367346938775,0.6530612244897959,0.13322158481453367,0.19186203803754664,0.4856009070294785,0.3287958843879826,0.3245269233554225,0.5826120112841471,0.016540905430921453
nfcorpus,text-embedding-3-small (Aiberm),random_subspace,32,1.0,0.5918367346938775,0.6530612244897959,0.13322158481453367,0.19526339858176436,0.48675898931000977,0.3318323009964377,0.3245269233554225,0.5826120112841471,0.028306081919125505
nfcorpus,text-embedding-3-small (Aiberm),random_subspace,64,1.0,0.6326530612244898,0.6938775510204082,0.14415153819123316,0.19583337940190973,0.5046161321671525,0.33807250780966763,0.3245269233554225,0.5826120112841471,0.05248495588395261
nfcorpus,text-embedding-3-small (Aiberm),random_subspace,128,1.0,0.6938775510204082,0.7551020408163265,0.16956764793914017,0.20836982255059777,0.5998542274052479,0.37492582053405393,0.3245269233554225,0.5826120112841471,0.19528015966792361
nfcorpus,text-embedding-3-small (Aiberm),ranking_boundary_svd,8,1.0,0.6122448979591837,0.673469387755102,0.1302940755513867,0.19256988606628658,0.5040492387431162,0.3350079139189021,0.3245269233554225,0.5826120112841471,0.04061060113002018
nfcorpus,text-embedding-3-small (Aiberm),ranking_boundary_svd,16,1.0,0.673469387755102,0.7551020408163265,0.15578723212527265,0.2185216559414042,0.5677356656948493,0.36286978162725125,0.3245269233554225,0.5826120112841471,0.14856673269870563
nfcorpus,text-embedding-3-small (Aiberm),ranking_boundary_svd,32,1.0,0.7755102040816326,0.7755102040816326,0.19575789269393984,0.23326796781624484,0.6299319727891156,0.3942359190879984,0.3245269233554225,0.5826120112841471,0.27010082718079176
nfcorpus,text-embedding-3-small (Aiberm),ranking_boundary_svd,64,1.0,0.8979591836734694,0.9591836734693877,0.22824811598616135,0.27927762234137016,0.8223356009070296,0.4673761129580532,0.3245269233554225,0.5826120112841471,0.5534964873370809
nfcorpus,text-embedding-3-small (Aiberm),ranking_boundary_svd,128,1.0,1.0,1.0,0.2937367449730174,0.3379150730453144,1.0,0.561806860818683,0.3245269233554225,0.5826120112841471,0.9193864681123699
nfcorpus,text-embedding-3-small (Aiberm),tangent_delta_svd,8,1.0,0.6326530612244898,0.673469387755102,0.1445176647082852,0.20209369559009607,0.5173712342079688,0.3444822514996747,0.3245269233554225,0.5826120112841471,0.0773207328807904
nfcorpus,text-embedding-3-small (Aiberm),tangent_delta_svd,16,1.0,0.6530612244897959,0.7551020408163265,0.15676256266746888,0.21795476251736792,0.5522918691286037,0.35607092487193037,0.3245269233554225,0.5826120112841471,0.12222326276061092
nfcorpus,text-embedding-3-small (Aiberm),tangent_delta_svd,32,1.0,0.7346938775510204,0.7755102040816326,0.1929193138642914,0.21846204544729728,0.6287657920310982,0.38627927802186907,0.3245269233554225,0.5826120112841471,0.2392713006475629
nfcorpus,text-embedding-3-small (Aiberm),tangent_delta_svd,64,1.0,0.8979591836734694,0.9591836734693877,0.21440971480053517,0.26876398920652045,0.8215986394557825,0.46489444252857315,0.3245269233554225,0.5826120112841471,0.5438807809458406
nfcorpus,text-embedding-3-small (Aiberm),tangent_delta_svd,128,1.0,1.0,1.0,0.2878338024006396,0.33657914361359664,0.9897959183673469,0.5541793199257157,0.3245269233554225,0.5826120112841471,0.88983210309972
scifact,text-embedding-3-small (Aiberm),baseline,0,0.0,0.9111111111111111,0.9111111111111111,0.9,0.9111111111111111,0.7933333333333334,0.8198454973535806,0.8198454973535806,0.9944727870829291,0.0
scifact,text-embedding-3-small (Aiberm),delta_svd,8,1.0,0.9111111111111111,0.9111111111111111,0.9,0.9111111111111111,0.8074074074074074,0.8302497729083433,0.8198454973535806,0.9944727870829291,0.05957989481992272
scifact,text-embedding-3-small (Aiberm),delta_svd,16,0.75,0.9111111111111111,0.9111111111111111,0.9,0.9111111111111111,0.8222222222222222,0.8416725515578918,0.8198454973535806,0.9944727870829291,0.12499222909626856
scifact,text-embedding-3-small (Aiberm),delta_svd,32,1.0,0.9111111111111111,0.9333333333333333,0.9,0.9333333333333333,0.8765432098765432,0.8835029868555309,0.8198454973535806,0.9944727870829291,0.36453345637220735
scifact,text-embedding-3-small (Aiberm),delta_svd,64,1.0,0.9555555555555556,1.0,0.9444444444444444,1.0,0.9313227513227512,0.9406926245460642,0.8198454973535806,0.9944727870829291,0.6920288769285845
scifact,text-embedding-3-small (Aiberm),delta_svd,128,1.0,1.0,1.0,0.9888888888888889,1.0,1.0,0.9939176530117982,0.8198454973535806,0.9944727870829291,0.9968210348337238
scifact,text-embedding-3-small (Aiberm),full_oracle,0,0.5,1.0,1.0,0.9888888888888889,1.0,1.0,0.9944727870829291,0.8198454973535806,0.9944727870829291,1.0
scifact,text-embedding-3-small (Aiberm),random_subspace,8,0.0,0.9111111111111111,0.9111111111111111,0.9,0.9111111111111111,0.7933333333333334,0.8198454973535806,0.8198454973535806,0.9944727870829291,0.0
scifact,text-embedding-3-small (Aiberm),random_subspace,16,0.0,0.9111111111111111,0.9111111111111111,0.9,0.9111111111111111,0.7933333333333334,0.8198454973535806,0.8198454973535806,0.9944727870829291,0.0
scifact,text-embedding-3-small (Aiberm),random_subspace,32,1.0,0.9111111111111111,0.9111111111111111,0.9,0.9111111111111111,0.7970370370370371,0.8227550474329464,0.8198454973535806,0.9944727870829291,0.01666148563535076
scifact,text-embedding-3-small (Aiberm),random_subspace,64,1.0,0.9111111111111111,0.9111111111111111,0.9,0.9111111111111111,0.8092592592592593,0.831930469594444,0.8198454973535806,0.9944727870829291,0.06920437383866941
scifact,text-embedding-3-small (Aiberm),random_subspace,128,1.0,0.9111111111111111,0.9333333333333333,0.9,0.9333333333333333,0.854320987654321,0.8705843292393136,0.8198454973535806,0.9944727870829291,0.2905549983875497
scifact,text-embedding-3-small (Aiberm),ranking_boundary_svd,8,1.0,0.9111111111111111,0.9111111111111111,0.9,0.9111111111111111,0.8111111111111111,0.8331593229877091,0.8198454973535806,0.9944727870829291,0.07624138045527348
scifact,text-embedding-3-small (Aiberm),ranking_boundary_svd,16,1.0,0.9111111111111111,0.9111111111111111,0.9,0.9111111111111111,0.8518518518518517,0.8635831062416767,0.8198454973535806,0.9944727870829291,0.25046262217024706
scifact,text-embedding-3-small (Aiberm),ranking_boundary_svd,32,1.0,0.9111111111111111,0.9333333333333333,0.9,0.9333333333333333,0.8879629629629631,0.8920253230233152,0.8198454973535806,0.9944727870829291,0.41333645950529674
scifact,text-embedding-3-small (Aiberm),ranking_boundary_svd,64,1.0,0.9777777777777777,1.0,0.9666666666666667,1.0,0.9370370370370371,0.9455767131733337,0.8198454973535806,0.9944727870829291,0.7199975216624018
scifact,text-embedding-3-small (Aiberm),ranking_boundary_svd,128,1.0,1.0,1.0,0.9888888888888889,1.0,1.0,0.9939176530117982,0.8198454973535806,0.9944727870829291,0.9968210348337238
scifact,text-embedding-3-small (Aiberm),tangent_delta_svd,8,1.0,0.9111111111111111,0.9111111111111111,0.9,0.9111111111111111,0.8044444444444445,0.8277353908468886,0.8198454973535806,0.9944727870829291,0.04518133165518653
scifact,text-embedding-3-small (Aiberm),tangent_delta_svd,16,1.0,0.9111111111111111,0.9111111111111111,0.9,0.9111111111111111,0.8407407407407407,0.8553815452099313,0.8198454973535806,0.9944727870829291,0.20349653202215595
scifact,text-embedding-3-small (Aiberm),tangent_delta_svd,32,1.0,0.9111111111111111,0.9333333333333333,0.9,0.9333333333333333,0.8762962962962964,0.8832370942033955,0.8198454973535806,0.9944727870829291,0.3630108269335469
scifact,text-embedding-3-small (Aiberm),tangent_delta_svd,64,1.0,1.0,1.0,0.9888888888888889,1.0,0.932962962962963,0.9425144914992032,0.8198454973535806,0.9944727870829291,0.7024617649151226
scifact,text-embedding-3-small (Aiberm),tangent_delta_svd,128,1.0,1.0,1.0,0.9888888888888889,1.0,1.0,0.9944727870829291,0.8198454973535806,0.9944727870829291,1.0
