heldout_corpus,model,method,rank,rank_loss,mean_delta_norm,HitRate@5,HitRate@10,Recall@5,Recall@10,MRR@10,NDCG@10,baseline_ndcg,full_ambient_ndcg,ranking_oracle_ndcg_gain_retention
fiqa,text-embedding-3-small (Aiberm),baseline,0,,0.0,0.6419753086419753,0.7021604938271605,0.4439888643592348,0.5218286043517525,0.5211713697824809,0.4484005684848995,0.4484005684848995,0.8350874975609885,0.0
fiqa,text-embedding-3-small (Aiberm),full_ambient,0,0.0010468106484040618,7.145036220550537,1.0,1.0,0.7693870644102124,0.8023524657783917,1.0,0.8350874975609885,0.4484005684848995,0.8350874975609885,1.0
fiqa,text-embedding-3-small (Aiberm),delta_svd,8,1.0470480918884277,2.242067337036133,0.6790123456790124,0.7175925925925926,0.4658204792464052,0.5173031358216543,0.6299737899274936,0.5007873654730849,0.4484005684848995,0.8350874975609885,0.1354759963398637
fiqa,text-embedding-3-small (Aiberm),delta_svd,16,0.6066808104515076,2.4956483840942383,0.8055555555555556,0.8425925925925926,0.5374695649001204,0.5886373443086406,0.7345213599843229,0.5725247781527485,0.4484005684848995,0.8350874975609885,0.3209940660896372
fiqa,text-embedding-3-small (Aiberm),delta_svd,32,0.27522674202919006,2.657740354537964,0.9583333333333334,0.9691358024691358,0.6262616413079376,0.6610966151475411,0.9089248971193415,0.6797840749311155,0.4484005684848995,0.8350874975609885,0.5983742636428403
fiqa,text-embedding-3-small (Aiberm),delta_svd,64,0.0879390612244606,2.817047595977783,0.9969135802469136,0.9984567901234568,0.6408033324699991,0.6671267133072689,0.9932760141093474,0.7221906163873438,0.4484005684848995,0.8350874975609885,0.7080406067942633
fiqa,text-embedding-3-small (Aiberm),delta_svd,128,0.023999817669391632,3.1140151023864746,1.0,1.0,0.6614909182038812,0.6868069644690015,0.9992283950617284,0.7385819216204487,0.4484005684848995,0.8350874975609885,0.7504296921255637
fiqa,text-embedding-3-small (Aiberm),tangent_delta_svd,8,1.0752102136611938,2.231999158859253,0.6620370370370371,0.7006172839506173,0.4644443562267636,0.5093898042972117,0.6065794630609446,0.4913196205205997,0.4484005684848995,0.8350874975609885,0.11099173209253971
fiqa,text-embedding-3-small (Aiberm),tangent_delta_svd,16,0.6757472157478333,2.517543077468872,0.7669753086419753,0.808641975308642,0.5105710219136145,0.5576224615576467,0.7030717225161669,0.5472236101438097,0.4484005684848995,0.8350874975609885,0.2555634396410245
fiqa,text-embedding-3-small (Aiberm),tangent_delta_svd,32,0.3086376190185547,2.690464496612549,0.9243827160493827,0.941358024691358,0.6046891594345298,0.643711008641564,0.8819781256123849,0.6608925837057725,0.4484005684848995,0.8350874975609885,0.5495195188743001
fiqa,text-embedding-3-small (Aiberm),tangent_delta_svd,64,0.0945490300655365,2.816621780395508,0.9938271604938271,0.9953703703703703,0.6351271370947297,0.662871345047271,0.988983196159122,0.7182263824678983,0.4484005684848995,0.8350874975609885,0.697788814914674
fiqa,text-embedding-3-small (Aiberm),tangent_delta_svd,128,0.024552136659622192,3.113351583480835,1.0,1.0,0.6598595249058211,0.6804656634517746,0.9981995884773661,0.7345774377054273,0.4484005684848995,0.8350874975609885,0.7400738108844022
fiqa,text-embedding-3-small (Aiberm),ranking_boundary_svd,8,0.9940904974937439,2.1998233795166016,0.6712962962962963,0.7175925925925926,0.4579610375906672,0.5143757691211396,0.6174150009798158,0.48999512908332005,0.4484005684848995,0.8350874975609885,0.10756650269457622
fiqa,text-embedding-3-small (Aiberm),ranking_boundary_svd,16,0.5923230051994324,2.4967410564422607,0.7746913580246914,0.8209876543209876,0.5240220556192777,0.5666018609305645,0.7190023025671174,0.5619931886281888,0.4484005684848995,0.8350874975609885,0.29375862384253876
fiqa,text-embedding-3-small (Aiberm),ranking_boundary_svd,32,0.27904027700424194,2.6320858001708984,0.9490740740740741,0.970679012345679,0.6224739466637615,0.6516205716437199,0.9109647511267882,0.6774441542741725,0.4484005684848995,0.8350874975609885,0.5923230618022873
fiqa,text-embedding-3-small (Aiberm),ranking_boundary_svd,64,0.09199116379022598,2.801861524581909,0.9953703703703703,0.9984567901234568,0.6464317618252804,0.6661341316433909,0.9906807270233197,0.7217558905079469,0.4484005684848995,0.8350874975609885,0.7069163746397509
fiqa,text-embedding-3-small (Aiberm),ranking_boundary_svd,128,0.024280698969960213,3.1057653427124023,1.0,1.0,0.6644107136005284,0.6838251511862622,0.9992283950617284,0.7393448396252854,0.4484005684848995,0.8350874975609885,0.7524026525425593
fiqa,text-embedding-3-small (Aiberm),random_subspace,8,1.7094378471374512,2.1574866771698,0.8580246913580247,0.9012345679012346,0.621499085619456,0.6822703787981567,0.7726380315500686,0.6413228145579983,0.4484005684848995,0.8350874975609885,0.4989106989834073
fiqa,text-embedding-3-small (Aiberm),random_subspace,16,1.4854356050491333,2.444467782974243,0.9506172839506173,0.970679012345679,0.6940360736657033,0.7493307703955853,0.9169618361747991,0.7500179227997325,0.4484005684848995,0.8350874975609885,0.780004007467972
fiqa,text-embedding-3-small (Aiberm),random_subspace,32,1.1861037015914917,2.807154417037964,0.9922839506172839,0.9938271604938271,0.7472694657879844,0.7857610282378801,0.9822163433274544,0.8099207608312248,0.4484005684848995,0.8350874975609885,0.9349170224349329
fiqa,text-embedding-3-small (Aiberm),random_subspace,64,0.8005646467208862,3.137615442276001,1.0,1.0,0.7487759325722289,0.7865417804075212,0.9989711934156378,0.8176156762759111,0.4484005684848995,0.8350874975609885,0.9548166230319116
fiqa,text-embedding-3-small (Aiberm),random_subspace,128,0.3963168263435364,3.4278173446655273,1.0,1.0,0.7374780440752663,0.7725891649502761,0.9989711934156378,0.806406588980285,0.4484005684848995,0.8350874975609885,0.9258291231895767
arguana,text-embedding-3-small (Aiberm),baseline,0,,0.0,0.6161137440758294,0.8104265402843602,0.6161137440758294,0.8104265402843602,0.25771270593545476,0.3908201027297264,0.3908201027297264,0.9930034076506437,0.0
arguana,text-embedding-3-small (Aiberm),full_ambient,0,0.06543250381946564,7.728663921356201,1.0,1.0,1.0,1.0,0.990521327014218,0.9930034076506437,0.3908201027297264,0.9930034076506437,1.0
arguana,text-embedding-3-small (Aiberm),delta_svd,8,1.690885066986084,2.790853977203369,0.8436018957345972,0.9241706161137441,0.8436018957345972,0.9241706161137441,0.571462423832092,0.6591113204303575,0.3908201027297264,0.9930034076506437,0.4455308134719292
arguana,text-embedding-3-small (Aiberm),delta_svd,16,1.1643586158752441,2.9759891033172607,0.9383886255924171,0.957345971563981,0.9383886255924171,0.957345971563981,0.8246050552922591,0.8575869747939432,0.3908201027297264,0.9930034076506437,0.7751242325217165
arguana,text-embedding-3-small (Aiberm),delta_svd,32,0.6687919497489929,3.2337582111358643,0.981042654028436,0.990521327014218,0.981042654028436,0.990521327014218,0.9393101632438126,0.9519698295610513,0.3908201027297264,0.9930034076506437,0.9318586587268783
arguana,text-embedding-3-small (Aiberm),delta_svd,64,0.3295743465423584,3.5378611087799072,1.0,1.0,1.0,1.0,0.981042654028436,0.9860068153012875,0.3908201027297264,0.9930034076506437,0.9883812913905425
arguana,text-embedding-3-small (Aiberm),delta_svd,128,0.16281618177890778,3.9067914485931396,1.0,1.0,1.0,1.0,0.985781990521327,0.9895051114759655,0.3908201027297264,0.9930034076506437,0.9941906456952713
arguana,text-embedding-3-small (Aiberm),tangent_delta_svd,8,1.7622132301330566,2.8666350841522217,0.7772511848341233,0.8483412322274881,0.7772511848341233,0.8483412322274881,0.4897558865568344,0.5786769491493858,0.3908201027297264,0.9930034076506437,0.3119595725828534
arguana,text-embedding-3-small (Aiberm),tangent_delta_svd,16,1.182315707206726,3.0053625106811523,0.8909952606635071,0.9289099526066351,0.8909952606635071,0.9289099526066351,0.7864797261716692,0.8213747472001244,0.3908201027297264,0.9930034076506437,0.7149893412055675
arguana,text-embedding-3-small (Aiberm),tangent_delta_svd,32,0.6712436079978943,3.272139310836792,0.981042654028436,0.990521327014218,0.981042654028436,0.990521327014218,0.922675468291582,0.9395374800463131,0.3908201027297264,0.9930034076506437,0.9112132017486735
arguana,text-embedding-3-small (Aiberm),tangent_delta_svd,64,0.32422494888305664,3.52129864692688,1.0,1.0,1.0,1.0,0.9881516587677726,0.9912542595633047,0.3908201027297264,0.9930034076506437,0.9970953228476356
arguana,text-embedding-3-small (Aiberm),tangent_delta_svd,128,0.16060541570186615,3.9045608043670654,1.0,1.0,1.0,1.0,0.990521327014218,0.9930034076506437,0.3908201027297264,0.9930034076506437,1.0
arguana,text-embedding-3-small (Aiberm),ranking_boundary_svd,8,1.673923373222351,2.746391773223877,0.7867298578199052,0.8341232227488151,0.7867298578199052,0.8341232227488151,0.5353268637628827,0.6096727630826364,0.3908201027297264,0.9930034076506437,0.36343196260090804
arguana,text-embedding-3-small (Aiberm),ranking_boundary_svd,16,1.1504929065704346,2.980652332305908,0.9052132701421801,0.933649289099526,0.9052132701421801,0.933649289099526,0.7995448732415557,0.8328598165275545,0.3908201027297264,0.9930034076506437,0.7340617220463787
arguana,text-embedding-3-small (Aiberm),ranking_boundary_svd,32,0.6522063612937927,3.238429546356201,0.9715639810426541,0.981042654028436,0.9715639810426541,0.981042654028436,0.9344579854058527,0.9460307010220018,0.3908201027297264,0.9930034076506437,0.9219959998146899
arguana,text-embedding-3-small (Aiberm),ranking_boundary_svd,64,0.3178800642490387,3.4979074001312256,1.0,1.0,1.0,1.0,0.990521327014218,0.9930034076506438,0.3908201027297264,0.9930034076506437,1.0
arguana,text-embedding-3-small (Aiberm),ranking_boundary_svd,128,0.15898588299751282,3.9063189029693604,1.0,1.0,1.0,1.0,0.9834123222748815,0.9877559633886265,0.3908201027297264,0.9930034076506437,0.9912859685429068
arguana,text-embedding-3-small (Aiberm),random_subspace,8,2.491194248199463,2.8914194107055664,0.966824644549763,0.985781990521327,0.966824644549763,0.985781990521327,0.4423305499134883,0.5814517268796054,0.3908201027297264,0.9930034076506437,0.3165674348526053
arguana,text-embedding-3-small (Aiberm),random_subspace,16,2.2196390628814697,3.1667699813842773,1.0,1.0,1.0,1.0,0.5017377567140601,0.6314681846991737,0.3908201027297264,0.9930034076506437,0.399625961070194
arguana,text-embedding-3-small (Aiberm),random_subspace,32,1.857499361038208,3.4983749389648438,1.0,1.0,1.0,1.0,0.7156398104265402,0.789877404739352,0.3908201027297264,0.9930034076506437,0.6626841009184611
arguana,text-embedding-3-small (Aiberm),random_subspace,64,1.3981504440307617,3.8684334754943848,1.0,1.0,1.0,1.0,0.9549763033175356,0.9667661863405579,0.3908201027297264,0.9930034076506437,0.9564298427145344
arguana,text-embedding-3-small (Aiberm),random_subspace,128,0.8636989593505859,4.2817864418029785,1.0,1.0,1.0,1.0,0.985781990521327,0.9895051114759656,0.3908201027297264,0.9930034076506437,0.9941906456952713
scifact,text-embedding-3-small (Aiberm),baseline,0,,0.0,0.9111111111111111,0.9111111111111111,0.9,0.9111111111111111,0.7933333333333334,0.8198454973535806,0.8198454973535806,0.9914032709503435,0.0
scifact,text-embedding-3-small (Aiberm),full_ambient,0,0.0006740569951944053,5.617487907409668,1.0,1.0,0.9888888888888889,0.9888888888888889,1.0,0.9914032709503435,0.8198454973535806,0.9914032709503435,1.0
scifact,text-embedding-3-small (Aiberm),delta_svd,8,0.6769794225692749,0.9793171286582947,0.9555555555555556,0.9777777777777777,0.9555555555555556,0.9777777777777777,0.9216931216931217,0.9299916326922743,0.8198454973535806,0.9914032709503435,0.6420352341339313
scifact,text-embedding-3-small (Aiberm),delta_svd,16,0.43950074911117554,1.2283883094787598,1.0,1.0,1.0,1.0,0.985185185185185,0.9843763578774719,0.8198454973535806,0.9914032709503435,0.9590405440362733
scifact,text-embedding-3-small (Aiberm),delta_svd,32,0.22975918650627136,1.4680123329162598,1.0,1.0,0.9888888888888889,0.9888888888888889,1.0,0.9886747224023001,0.8198454973535806,0.9914032709503435,0.9840954537306092
scifact,text-embedding-3-small (Aiberm),delta_svd,64,0.06600859761238098,1.7869383096694946,1.0,1.0,0.9888888888888889,1.0,1.0,0.9932165534598221,0.8198454973535806,0.9914032709503435,1.010569515280261
scifact,text-embedding-3-small (Aiberm),delta_svd,128,0.015207142569124699,2.20361590385437,1.0,1.0,0.9888888888888889,1.0,1.0,0.9962567695463027,0.8198454973535806,0.9914032709503435,1.028290752987778
scifact,text-embedding-3-small (Aiberm),tangent_delta_svd,8,0.7213343381881714,0.9969863295555115,0.9555555555555556,0.9555555555555556,0.9555555555555556,0.9555555555555556,0.9007407407407408,0.9076386781942095,0.8198454973535806,0.9914032709503435,0.5117411994806015
scifact,text-embedding-3-small (Aiberm),tangent_delta_svd,16,0.41542109847068787,1.2158691883087158,1.0,1.0,0.9888888888888889,1.0,0.9574074074074073,0.9610087827414585,0.8198454973535806,0.9914032709503435,0.8228323463772292
scifact,text-embedding-3-small (Aiberm),tangent_delta_svd,32,0.20638161897659302,1.4564497470855713,1.0,1.0,0.9888888888888889,1.0,1.0,0.992619433241971,0.8198454973535806,0.9914032709503435,1.0070889372491274
scifact,text-embedding-3-small (Aiberm),tangent_delta_svd,64,0.05611202493309975,1.8179384469985962,1.0,1.0,0.9888888888888889,0.9888888888888889,1.0,0.9888963547867293,0.8198454973535806,0.9914032709503435,0.9853873356417729
scifact,text-embedding-3-small (Aiberm),tangent_delta_svd,128,0.013049020431935787,2.20511531829834,1.0,1.0,0.9888888888888889,1.0,1.0,0.9962567695463027,0.8198454973535806,0.9914032709503435,1.028290752987778
scifact,text-embedding-3-small (Aiberm),ranking_boundary_svd,8,0.6809799671173096,0.995721161365509,0.9555555555555556,0.9777777777777777,0.9555555555555556,0.9777777777777777,0.9092592592592593,0.9207578585904863,0.8198454973535806,0.9914032709503435,0.5882121172433413
scifact,text-embedding-3-small (Aiberm),ranking_boundary_svd,16,0.4449652135372162,1.2080782651901245,1.0,1.0,0.9888888888888889,1.0,0.985185185185185,0.9815022621086122,0.8198454973535806,0.9914032709503435,0.9422876117231327
scifact,text-embedding-3-small (Aiberm),ranking_boundary_svd,32,0.21219207346439362,1.4684449434280396,1.0,1.0,1.0,1.0,1.0,0.994890348770732,0.8198454973535806,0.9914032709503435,1.0203259680239536
scifact,text-embedding-3-small (Aiberm),ranking_boundary_svd,64,0.05555640533566475,1.7912765741348267,1.0,1.0,0.9814814814814814,1.0,1.0,0.9910527317673612,0.8198454973535806,0.9914032709503435,0.9979567280710564
scifact,text-embedding-3-small (Aiberm),ranking_boundary_svd,128,0.013227919116616249,2.211045026779175,1.0,1.0,0.9888888888888889,1.0,1.0,0.9944727870829291,0.8198454973535806,0.9914032709503435,1.0178920259235835
scifact,text-embedding-3-small (Aiberm),random_subspace,8,1.0035502910614014,0.8228317499160767,0.9333333333333333,0.9555555555555556,0.9333333333333333,0.9555555555555556,0.8768518518518518,0.8935448882853775,0.8198454973535806,0.9914032709503435,0.429589341168668
scifact,text-embedding-3-small (Aiberm),random_subspace,16,0.8679812550544739,0.9718815088272095,1.0,1.0,1.0,1.0,0.9711111111111111,0.9758886456084384,0.8198454973535806,0.9914032709503435,0.909566176940653
scifact,text-embedding-3-small (Aiberm),random_subspace,32,0.6836848258972168,1.172505259513855,1.0,1.0,1.0,1.0,1.0,0.995487468988583,0.8198454973535806,0.9914032709503435,1.0238065460550865
scifact,text-embedding-3-small (Aiberm),random_subspace,64,0.471108078956604,1.4466793537139893,1.0,1.0,1.0,1.0,1.0,0.9982160175366264,0.8198454973535806,0.9914032709503435,1.0397110923244774
scifact,text-embedding-3-small (Aiberm),random_subspace,128,0.2345236986875534,1.6991682052612305,1.0,1.0,1.0,1.0,1.0,1.0,0.8198454973535806,0.9914032709503435,1.050109819388672
nfcorpus,text-embedding-3-small (Aiberm),baseline,0,,0.0,0.5918367346938775,0.6326530612244898,0.1327469763665033,0.1816579564048936,0.4824263038548753,0.3245269233554225,0.3245269233554225,0.6985794716365183,0.0
nfcorpus,text-embedding-3-small (Aiberm),full_ambient,0,0.0007443914655596018,6.537172794342041,1.0,1.0,0.3708504570300392,0.4431238095247222,0.9897959183673469,0.6985794716365183,0.3245269233554225,0.6985794716365183,1.0
nfcorpus,text-embedding-3-small (Aiberm),delta_svd,8,0.6724750399589539,2.985365152359009,0.7346938775510204,0.8163265306122449,0.17181567420903715,0.2170423060972761,0.6613378684807257,0.38576271408875024,0.3245269233554225,0.6985794716365183,0.16370905910072775
nfcorpus,text-embedding-3-small (Aiberm),delta_svd,16,0.4136023223400116,3.0684032440185547,0.8571428571428571,0.8979591836734694,0.21969211424547444,0.26841521195852286,0.7692743764172335,0.4477192103286193,0.3245269233554225,0.6985794716365183,0.32934486755753717
nfcorpus,text-embedding-3-small (Aiberm),delta_svd,32,0.19150663912296295,2.996598243713379,1.0,1.0,0.27655910727507615,0.32306979770677346,0.9472789115646258,0.5255351581209088,0.3245269233554225,0.6985794716365183,0.5373796694854518
nfcorpus,text-embedding-3-small (Aiberm),delta_svd,64,0.0468551367521286,2.9649555683135986,1.0,1.0,0.3052535052754544,0.349767467012763,1.0,0.5872483077389564,0.3245269233554225,0.6985794716365183,0.7023649099326602
nfcorpus,text-embedding-3-small (Aiberm),delta_svd,128,0.009325659833848476,3.094689130783081,1.0,1.0,0.314496744229655,0.3558846331750831,1.0,0.6027307443781504,0.3245269233554225,0.6985794716365183,0.7437559837546174
nfcorpus,text-embedding-3-small (Aiberm),tangent_delta_svd,8,0.7131395936012268,3.001187324523926,0.5918367346938775,0.673469387755102,0.16966435279403125,0.20144235336158,0.5112244897959183,0.31636135275157945,0.3245269233554225,0.6985794716365183,-0.02183000928978224
nfcorpus,text-embedding-3-small (Aiberm),tangent_delta_svd,16,0.4333743453025818,3.1127169132232666,0.8163265306122449,0.8571428571428571,0.22212724510504514,0.2588103106460233,0.7215986394557823,0.4286184717606879,0.3245269233554225,0.6985794716365183,0.278280548772099
nfcorpus,text-embedding-3-small (Aiberm),tangent_delta_svd,32,0.17195136845111847,3.055056571960449,0.9795918367346939,1.0,0.2655778278726202,0.31451293141830894,0.9625850340136054,0.5309806180915873,0.3245269233554225,0.6985794716365183,0.5519376774330044
nfcorpus,text-embedding-3-small (Aiberm),tangent_delta_svd,64,0.04222612828016281,2.8937971591949463,1.0,1.0,0.3098408445788076,0.3380010244270707,1.0,0.5832856986375933,0.3245269233554225,0.6985794716365183,0.6917711868860649
nfcorpus,text-embedding-3-small (Aiberm),tangent_delta_svd,128,0.00793808326125145,3.0783724784851074,0.9795918367346939,1.0,0.31957361872641143,0.3531286275792804,0.9719387755102041,0.6063208770235547,0.3245269233554225,0.6985794716365183,0.7533539203597875
nfcorpus,text-embedding-3-small (Aiberm),ranking_boundary_svd,8,0.6673890352249146,3.043731689453125,0.6530612244897959,0.7142857142857143,0.15841600063931655,0.21981607270561573,0.6021218011013929,0.3563711452892044,0.3245269233554225,0.6985794716365183,0.08513301695207635
nfcorpus,text-embedding-3-small (Aiberm),ranking_boundary_svd,16,0.4454639256000519,3.0686991214752197,0.8571428571428571,0.9183673469387755,0.2076676081330361,0.25945243999117235,0.7461127308066083,0.44304174680356284,0.3245269233554225,0.6985794716365183,0.3168400375635937
nfcorpus,text-embedding-3-small (Aiberm),ranking_boundary_svd,32,0.17769268155097961,3.034583330154419,1.0,1.0,0.28925016134001574,0.33771421800758095,0.9659863945578232,0.550665522370701,0.3245269233554225,0.6985794716365183,0.6045637171955266
nfcorpus,text-embedding-3-small (Aiberm),ranking_boundary_svd,64,0.04055854305624962,2.9075212478637695,1.0,1.0,0.3125649370231374,0.3471485360330622,1.0,0.5947754352643021,0.3245269233554225,0.6985794716365183,0.7224880919827104
nfcorpus,text-embedding-3-small (Aiberm),ranking_boundary_svd,128,0.008492576889693737,3.0749993324279785,1.0,1.0,0.3215910105075948,0.35521958868770437,1.0,0.6039254520003678,0.3245269233554225,0.6985794716365183,0.7469499403997666
nfcorpus,text-embedding-3-small (Aiberm),random_subspace,8,1.255202054977417,3.266786575317383,0.6938775510204082,0.7755102040816326,0.19895963174274267,0.26297360482500787,0.6364998380304503,0.4216662694716938,0.3245269233554225,0.6985794716365183,0.2596943840181307
nfcorpus,text-embedding-3-small (Aiberm),random_subspace,16,1.0501456260681152,3.735326051712036,0.8571428571428571,0.9183673469387755,0.2611687040324601,0.31874385442766046,0.7746598639455782,0.4763109023858545,0.3245269233554225,0.6985794716365183,0.4057825022926143
nfcorpus,text-embedding-3-small (Aiberm),random_subspace,32,0.8127243518829346,4.149161338806152,0.9183673469387755,0.9591836734693877,0.3293434907437372,0.36995634984829073,0.8997408487204405,0.5760277271607968,0.3245269233554225,0.6985794716365183,0.6723675723133278
nfcorpus,text-embedding-3-small (Aiberm),random_subspace,64,0.497747540473938,4.143621921539307,0.9795918367346939,0.9795918367346939,0.36005532327873774,0.41273151351466614,0.9591836734693877,0.6385872872124684,0.3245269233554225,0.6985794716365183,0.8396156243294283
nfcorpus,text-embedding-3-small (Aiberm),random_subspace,128,0.23254522681236267,3.9450020790100098,1.0,1.0,0.3489937182491234,0.41233267683494423,1.0,0.6709016232522191,0.3245269233554225,0.6985794716365183,0.9260054542831249
