model,variant,metric,H_corpus,baseline,corpus_oracle,q_only_oracle
bge-m3,D0_original,HitRate@10,0.0,0.75,0.984375,0.984375
bge-m3,D0_original,HitRate@5,0.0,0.65625,0.984375,0.984375
bge-m3,D0_original,MRR@10,0.0,0.5308965773809524,0.9622395833333333,0.9622395833333333
bge-m3,D0_original,NDCG@10,-0.0002322386301620849,0.4497315269038021,0.9125472824833876,0.9127795211135497
bge-m3,D0_original,Recall@10,0.0,0.5273065476190477,0.9080729166666667,0.9080729166666667
bge-m3,D0_original,Recall@5,0.0,0.4530877976190476,0.8761160714285714,0.8761160714285714
bge-m3,D1_random_external,HitRate@10,0.0,0.75,0.984375,0.984375
bge-m3,D1_random_external,HitRate@5,0.0,0.65625,0.984375,0.984375
bge-m3,D1_random_external,MRR@10,0.0,0.5308965773809524,0.9622395833333333,0.9622395833333333
bge-m3,D1_random_external,NDCG@10,-0.0002322386301620849,0.4497315269038021,0.9125472824833876,0.9127795211135497
bge-m3,D1_random_external,Recall@10,0.0,0.5273065476190477,0.9080729166666667,0.9080729166666667
bge-m3,D1_random_external,Recall@5,0.0,0.4530877976190476,0.8761160714285714,0.8761160714285714
bge-m3,D2_hard_external,HitRate@10,0.0,0.75,0.984375,0.984375
bge-m3,D2_hard_external,HitRate@5,0.0,0.65625,0.984375,0.984375
bge-m3,D2_hard_external,MRR@10,0.0,0.5308965773809524,0.9622395833333333,0.9622395833333333
bge-m3,D2_hard_external,NDCG@10,-0.0003269303393902412,0.4497315269038021,0.9124525907741594,0.9127795211135497
bge-m3,D2_hard_external,Recall@10,0.0,0.5273065476190477,0.9080729166666667,0.9080729166666667
bge-m3,D2_hard_external,Recall@5,0.0,0.4530877976190476,0.8761160714285714,0.8761160714285714
bge-m3,D3_high_hard_external,HitRate@10,0.0,0.75,0.984375,0.984375
bge-m3,D3_high_hard_external,HitRate@5,0.0,0.65625,0.984375,0.984375
bge-m3,D3_high_hard_external,MRR@10,0.0,0.5308965773809524,0.9622395833333333,0.9622395833333333
bge-m3,D3_high_hard_external,NDCG@10,-0.0003269303393902412,0.4497315269038021,0.9124525907741594,0.9127795211135497
bge-m3,D3_high_hard_external,Recall@10,0.0,0.5273065476190477,0.9080729166666667,0.9080729166666667
bge-m3,D3_high_hard_external,Recall@5,0.0,0.4530877976190476,0.8761160714285714,0.8761160714285714
e5,D0_original,HitRate@10,0.0,0.734375,0.984375,0.984375
e5,D0_original,HitRate@5,0.0,0.65625,0.984375,0.984375
e5,D0_original,MRR@10,0.0,0.53125,0.9544270833333334,0.9544270833333334
e5,D0_original,NDCG@10,0.0,0.46644259795690357,0.8983489179203834,0.8983489179203834
e5,D0_original,Recall@10,0.0,0.5469866071428571,0.899813988095238,0.899813988095238
e5,D0_original,Recall@5,0.0,0.464657738095238,0.8610119047619048,0.8610119047619048
e5,D1_random_external,HitRate@10,0.0,0.734375,0.984375,0.984375
e5,D1_random_external,HitRate@5,0.0,0.65625,0.984375,0.984375
e5,D1_random_external,MRR@10,0.0,0.53125,0.9544270833333334,0.9544270833333334
e5,D1_random_external,NDCG@10,0.0,0.46644259795690357,0.8983489179203834,0.8983489179203834
e5,D1_random_external,Recall@10,0.0,0.5469866071428571,0.899813988095238,0.899813988095238
e5,D1_random_external,Recall@5,0.0,0.464657738095238,0.8610119047619048,0.8610119047619048
e5,D2_hard_external,HitRate@10,0.0,0.734375,0.984375,0.984375
e5,D2_hard_external,HitRate@5,0.0,0.65625,0.984375,0.984375
e5,D2_hard_external,MRR@10,0.0,0.53125,0.9544270833333334,0.9544270833333334
e5,D2_hard_external,NDCG@10,-0.000321336780674919,0.46644259795690357,0.8980275811397085,0.8983489179203834
e5,D2_hard_external,Recall@10,0.0,0.5469866071428571,0.899813988095238,0.899813988095238
e5,D2_hard_external,Recall@5,0.0,0.464657738095238,0.8610119047619048,0.8610119047619048
e5,D3_high_hard_external,HitRate@10,0.0,0.734375,0.984375,0.984375
e5,D3_high_hard_external,HitRate@5,0.0,0.65625,0.984375,0.984375
e5,D3_high_hard_external,MRR@10,0.0,0.53125,0.9544270833333334,0.9544270833333334
e5,D3_high_hard_external,NDCG@10,-0.000321336780674919,0.46644259795690357,0.8980275811397085,0.8983489179203834
e5,D3_high_hard_external,Recall@10,0.0,0.5469866071428571,0.899813988095238,0.899813988095238
e5,D3_high_hard_external,Recall@5,0.0,0.464657738095238,0.8610119047619048,0.8610119047619048
qwen3,D0_original,HitRate@10,0.0,0.796875,0.96875,0.96875
qwen3,D0_original,HitRate@5,0.0,0.703125,0.96875,0.96875
qwen3,D0_original,MRR@10,0.0,0.5543774801587301,0.9583333333333334,0.9583333333333334
qwen3,D0_original,NDCG@10,0.0,0.5058069802846035,0.8963900732312592,0.8963900732312592
qwen3,D0_original,Recall@10,0.0,0.6084449404761905,0.8961681547619047,0.8961681547619047
qwen3,D0_original,Recall@5,0.0,0.5054315476190476,0.8629464285714286,0.8629464285714286
qwen3,D1_random_external,HitRate@10,0.0,0.796875,0.96875,0.96875
qwen3,D1_random_external,HitRate@5,0.0,0.703125,0.96875,0.96875
qwen3,D1_random_external,MRR@10,0.0,0.5543774801587301,0.9583333333333334,0.9583333333333334
qwen3,D1_random_external,NDCG@10,0.0,0.5058069802846035,0.8963900732312592,0.8963900732312592
qwen3,D1_random_external,Recall@10,0.0,0.6084449404761905,0.8961681547619047,0.8961681547619047
qwen3,D1_random_external,Recall@5,0.0,0.5054315476190476,0.8629464285714286,0.8629464285714286
qwen3,D2_hard_external,HitRate@10,0.0,0.796875,0.96875,0.96875
qwen3,D2_hard_external,HitRate@5,0.0,0.703125,0.96875,0.96875
qwen3,D2_hard_external,MRR@10,0.0,0.5543774801587301,0.9583333333333334,0.9583333333333334
qwen3,D2_hard_external,NDCG@10,0.0013841509181081735,0.5058069802846035,0.8977742241493674,0.8963900732312592
qwen3,D2_hard_external,Recall@10,0.0,0.6084449404761905,0.8961681547619047,0.8961681547619047
qwen3,D2_hard_external,Recall@5,0.0,0.5054315476190476,0.8629464285714286,0.8629464285714286
qwen3,D3_high_hard_external,HitRate@10,0.0,0.796875,0.96875,0.96875
qwen3,D3_high_hard_external,HitRate@5,0.0,0.703125,0.96875,0.96875
qwen3,D3_high_hard_external,MRR@10,0.0,0.5543774801587301,0.9583333333333334,0.9583333333333334
qwen3,D3_high_hard_external,NDCG@10,0.0013841509181081735,0.5058069802846035,0.8977742241493674,0.8963900732312592
qwen3,D3_high_hard_external,Recall@10,0.0,0.6084449404761905,0.8961681547619047,0.8961681547619047
qwen3,D3_high_hard_external,Recall@5,0.0,0.5054315476190476,0.8629464285714286,0.8629464285714286
