model,variant,oracle,metric,value
qwen3,D0_original,baseline,HitRate@5,0.703125
qwen3,D0_original,corpus_oracle,HitRate@5,0.96875
qwen3,D0_original,q_only_oracle,HitRate@5,0.96875
qwen3,D0_original,H_corpus,HitRate@5,0.0
qwen3,D0_original,baseline,HitRate@10,0.796875
qwen3,D0_original,corpus_oracle,HitRate@10,0.96875
qwen3,D0_original,q_only_oracle,HitRate@10,0.96875
qwen3,D0_original,H_corpus,HitRate@10,0.0
qwen3,D0_original,baseline,Recall@5,0.5054315476190476
qwen3,D0_original,corpus_oracle,Recall@5,0.8629464285714286
qwen3,D0_original,q_only_oracle,Recall@5,0.8629464285714286
qwen3,D0_original,H_corpus,Recall@5,0.0
qwen3,D0_original,baseline,Recall@10,0.6084449404761905
qwen3,D0_original,corpus_oracle,Recall@10,0.8961681547619047
qwen3,D0_original,q_only_oracle,Recall@10,0.8961681547619047
qwen3,D0_original,H_corpus,Recall@10,0.0
qwen3,D0_original,baseline,MRR@10,0.5543774801587301
qwen3,D0_original,corpus_oracle,MRR@10,0.9583333333333334
qwen3,D0_original,q_only_oracle,MRR@10,0.9583333333333334
qwen3,D0_original,H_corpus,MRR@10,0.0
qwen3,D0_original,baseline,NDCG@10,0.5058069802846035
qwen3,D0_original,corpus_oracle,NDCG@10,0.8963900732312592
qwen3,D0_original,q_only_oracle,NDCG@10,0.8963900732312592
qwen3,D0_original,H_corpus,NDCG@10,0.0
qwen3,D1_random_external,baseline,HitRate@5,0.703125
qwen3,D1_random_external,corpus_oracle,HitRate@5,0.96875
qwen3,D1_random_external,q_only_oracle,HitRate@5,0.96875
qwen3,D1_random_external,H_corpus,HitRate@5,0.0
qwen3,D1_random_external,baseline,HitRate@10,0.796875
qwen3,D1_random_external,corpus_oracle,HitRate@10,0.96875
qwen3,D1_random_external,q_only_oracle,HitRate@10,0.96875
qwen3,D1_random_external,H_corpus,HitRate@10,0.0
qwen3,D1_random_external,baseline,Recall@5,0.5054315476190476
qwen3,D1_random_external,corpus_oracle,Recall@5,0.8629464285714286
qwen3,D1_random_external,q_only_oracle,Recall@5,0.8629464285714286
qwen3,D1_random_external,H_corpus,Recall@5,0.0
qwen3,D1_random_external,baseline,Recall@10,0.6084449404761905
qwen3,D1_random_external,corpus_oracle,Recall@10,0.8961681547619047
qwen3,D1_random_external,q_only_oracle,Recall@10,0.8961681547619047
qwen3,D1_random_external,H_corpus,Recall@10,0.0
qwen3,D1_random_external,baseline,MRR@10,0.5543774801587301
qwen3,D1_random_external,corpus_oracle,MRR@10,0.9583333333333334
qwen3,D1_random_external,q_only_oracle,MRR@10,0.9583333333333334
qwen3,D1_random_external,H_corpus,MRR@10,0.0
qwen3,D1_random_external,baseline,NDCG@10,0.5058069802846035
qwen3,D1_random_external,corpus_oracle,NDCG@10,0.8963900732312592
qwen3,D1_random_external,q_only_oracle,NDCG@10,0.8963900732312592
qwen3,D1_random_external,H_corpus,NDCG@10,0.0
qwen3,D2_hard_external,baseline,HitRate@5,0.703125
qwen3,D2_hard_external,corpus_oracle,HitRate@5,0.96875
qwen3,D2_hard_external,q_only_oracle,HitRate@5,0.96875
qwen3,D2_hard_external,H_corpus,HitRate@5,0.0
qwen3,D2_hard_external,baseline,HitRate@10,0.796875
qwen3,D2_hard_external,corpus_oracle,HitRate@10,0.96875
qwen3,D2_hard_external,q_only_oracle,HitRate@10,0.96875
qwen3,D2_hard_external,H_corpus,HitRate@10,0.0
qwen3,D2_hard_external,baseline,Recall@5,0.5054315476190476
qwen3,D2_hard_external,corpus_oracle,Recall@5,0.8629464285714286
qwen3,D2_hard_external,q_only_oracle,Recall@5,0.8629464285714286
qwen3,D2_hard_external,H_corpus,Recall@5,0.0
qwen3,D2_hard_external,baseline,Recall@10,0.6084449404761905
qwen3,D2_hard_external,corpus_oracle,Recall@10,0.8961681547619047
qwen3,D2_hard_external,q_only_oracle,Recall@10,0.8961681547619047
qwen3,D2_hard_external,H_corpus,Recall@10,0.0
qwen3,D2_hard_external,baseline,MRR@10,0.5543774801587301
qwen3,D2_hard_external,corpus_oracle,MRR@10,0.9583333333333334
qwen3,D2_hard_external,q_only_oracle,MRR@10,0.9583333333333334
qwen3,D2_hard_external,H_corpus,MRR@10,0.0
qwen3,D2_hard_external,baseline,NDCG@10,0.5058069802846035
qwen3,D2_hard_external,corpus_oracle,NDCG@10,0.8977742241493674
qwen3,D2_hard_external,q_only_oracle,NDCG@10,0.8963900732312592
qwen3,D2_hard_external,H_corpus,NDCG@10,0.0013841509181081735
qwen3,D3_high_hard_external,baseline,HitRate@5,0.703125
qwen3,D3_high_hard_external,corpus_oracle,HitRate@5,0.96875
qwen3,D3_high_hard_external,q_only_oracle,HitRate@5,0.96875
qwen3,D3_high_hard_external,H_corpus,HitRate@5,0.0
qwen3,D3_high_hard_external,baseline,HitRate@10,0.796875
qwen3,D3_high_hard_external,corpus_oracle,HitRate@10,0.96875
qwen3,D3_high_hard_external,q_only_oracle,HitRate@10,0.96875
qwen3,D3_high_hard_external,H_corpus,HitRate@10,0.0
qwen3,D3_high_hard_external,baseline,Recall@5,0.5054315476190476
qwen3,D3_high_hard_external,corpus_oracle,Recall@5,0.8629464285714286
qwen3,D3_high_hard_external,q_only_oracle,Recall@5,0.8629464285714286
qwen3,D3_high_hard_external,H_corpus,Recall@5,0.0
qwen3,D3_high_hard_external,baseline,Recall@10,0.6084449404761905
qwen3,D3_high_hard_external,corpus_oracle,Recall@10,0.8961681547619047
qwen3,D3_high_hard_external,q_only_oracle,Recall@10,0.8961681547619047
qwen3,D3_high_hard_external,H_corpus,Recall@10,0.0
qwen3,D3_high_hard_external,baseline,MRR@10,0.5543774801587301
qwen3,D3_high_hard_external,corpus_oracle,MRR@10,0.9583333333333334
qwen3,D3_high_hard_external,q_only_oracle,MRR@10,0.9583333333333334
qwen3,D3_high_hard_external,H_corpus,MRR@10,0.0
qwen3,D3_high_hard_external,baseline,NDCG@10,0.5058069802846035
qwen3,D3_high_hard_external,corpus_oracle,NDCG@10,0.8977742241493674
qwen3,D3_high_hard_external,q_only_oracle,NDCG@10,0.8963900732312592
qwen3,D3_high_hard_external,H_corpus,NDCG@10,0.0013841509181081735
bge-m3,D0_original,baseline,HitRate@5,0.65625
bge-m3,D0_original,corpus_oracle,HitRate@5,0.984375
bge-m3,D0_original,q_only_oracle,HitRate@5,0.984375
bge-m3,D0_original,H_corpus,HitRate@5,0.0
bge-m3,D0_original,baseline,HitRate@10,0.75
bge-m3,D0_original,corpus_oracle,HitRate@10,0.984375
bge-m3,D0_original,q_only_oracle,HitRate@10,0.984375
bge-m3,D0_original,H_corpus,HitRate@10,0.0
bge-m3,D0_original,baseline,Recall@5,0.4530877976190476
bge-m3,D0_original,corpus_oracle,Recall@5,0.8761160714285714
bge-m3,D0_original,q_only_oracle,Recall@5,0.8761160714285714
bge-m3,D0_original,H_corpus,Recall@5,0.0
bge-m3,D0_original,baseline,Recall@10,0.5273065476190477
bge-m3,D0_original,corpus_oracle,Recall@10,0.9080729166666667
bge-m3,D0_original,q_only_oracle,Recall@10,0.9080729166666667
bge-m3,D0_original,H_corpus,Recall@10,0.0
bge-m3,D0_original,baseline,MRR@10,0.5308965773809524
bge-m3,D0_original,corpus_oracle,MRR@10,0.9622395833333333
bge-m3,D0_original,q_only_oracle,MRR@10,0.9622395833333333
bge-m3,D0_original,H_corpus,MRR@10,0.0
bge-m3,D0_original,baseline,NDCG@10,0.4497315269038021
bge-m3,D0_original,corpus_oracle,NDCG@10,0.9125472824833876
bge-m3,D0_original,q_only_oracle,NDCG@10,0.9127795211135497
bge-m3,D0_original,H_corpus,NDCG@10,-0.0002322386301620849
bge-m3,D1_random_external,baseline,HitRate@5,0.65625
bge-m3,D1_random_external,corpus_oracle,HitRate@5,0.984375
bge-m3,D1_random_external,q_only_oracle,HitRate@5,0.984375
bge-m3,D1_random_external,H_corpus,HitRate@5,0.0
bge-m3,D1_random_external,baseline,HitRate@10,0.75
bge-m3,D1_random_external,corpus_oracle,HitRate@10,0.984375
bge-m3,D1_random_external,q_only_oracle,HitRate@10,0.984375
bge-m3,D1_random_external,H_corpus,HitRate@10,0.0
bge-m3,D1_random_external,baseline,Recall@5,0.4530877976190476
bge-m3,D1_random_external,corpus_oracle,Recall@5,0.8761160714285714
bge-m3,D1_random_external,q_only_oracle,Recall@5,0.8761160714285714
bge-m3,D1_random_external,H_corpus,Recall@5,0.0
bge-m3,D1_random_external,baseline,Recall@10,0.5273065476190477
bge-m3,D1_random_external,corpus_oracle,Recall@10,0.9080729166666667
bge-m3,D1_random_external,q_only_oracle,Recall@10,0.9080729166666667
bge-m3,D1_random_external,H_corpus,Recall@10,0.0
bge-m3,D1_random_external,baseline,MRR@10,0.5308965773809524
bge-m3,D1_random_external,corpus_oracle,MRR@10,0.9622395833333333
bge-m3,D1_random_external,q_only_oracle,MRR@10,0.9622395833333333
bge-m3,D1_random_external,H_corpus,MRR@10,0.0
bge-m3,D1_random_external,baseline,NDCG@10,0.4497315269038021
bge-m3,D1_random_external,corpus_oracle,NDCG@10,0.9125472824833876
bge-m3,D1_random_external,q_only_oracle,NDCG@10,0.9127795211135497
bge-m3,D1_random_external,H_corpus,NDCG@10,-0.0002322386301620849
bge-m3,D2_hard_external,baseline,HitRate@5,0.65625
bge-m3,D2_hard_external,corpus_oracle,HitRate@5,0.984375
bge-m3,D2_hard_external,q_only_oracle,HitRate@5,0.984375
bge-m3,D2_hard_external,H_corpus,HitRate@5,0.0
bge-m3,D2_hard_external,baseline,HitRate@10,0.75
bge-m3,D2_hard_external,corpus_oracle,HitRate@10,0.984375
bge-m3,D2_hard_external,q_only_oracle,HitRate@10,0.984375
bge-m3,D2_hard_external,H_corpus,HitRate@10,0.0
bge-m3,D2_hard_external,baseline,Recall@5,0.4530877976190476
bge-m3,D2_hard_external,corpus_oracle,Recall@5,0.8761160714285714
bge-m3,D2_hard_external,q_only_oracle,Recall@5,0.8761160714285714
bge-m3,D2_hard_external,H_corpus,Recall@5,0.0
bge-m3,D2_hard_external,baseline,Recall@10,0.5273065476190477
bge-m3,D2_hard_external,corpus_oracle,Recall@10,0.9080729166666667
bge-m3,D2_hard_external,q_only_oracle,Recall@10,0.9080729166666667
bge-m3,D2_hard_external,H_corpus,Recall@10,0.0
bge-m3,D2_hard_external,baseline,MRR@10,0.5308965773809524
bge-m3,D2_hard_external,corpus_oracle,MRR@10,0.9622395833333333
bge-m3,D2_hard_external,q_only_oracle,MRR@10,0.9622395833333333
bge-m3,D2_hard_external,H_corpus,MRR@10,0.0
bge-m3,D2_hard_external,baseline,NDCG@10,0.4497315269038021
bge-m3,D2_hard_external,corpus_oracle,NDCG@10,0.9124525907741594
bge-m3,D2_hard_external,q_only_oracle,NDCG@10,0.9127795211135497
bge-m3,D2_hard_external,H_corpus,NDCG@10,-0.0003269303393902412
bge-m3,D3_high_hard_external,baseline,HitRate@5,0.65625
bge-m3,D3_high_hard_external,corpus_oracle,HitRate@5,0.984375
bge-m3,D3_high_hard_external,q_only_oracle,HitRate@5,0.984375
bge-m3,D3_high_hard_external,H_corpus,HitRate@5,0.0
bge-m3,D3_high_hard_external,baseline,HitRate@10,0.75
bge-m3,D3_high_hard_external,corpus_oracle,HitRate@10,0.984375
bge-m3,D3_high_hard_external,q_only_oracle,HitRate@10,0.984375
bge-m3,D3_high_hard_external,H_corpus,HitRate@10,0.0
bge-m3,D3_high_hard_external,baseline,Recall@5,0.4530877976190476
bge-m3,D3_high_hard_external,corpus_oracle,Recall@5,0.8761160714285714
bge-m3,D3_high_hard_external,q_only_oracle,Recall@5,0.8761160714285714
bge-m3,D3_high_hard_external,H_corpus,Recall@5,0.0
bge-m3,D3_high_hard_external,baseline,Recall@10,0.5273065476190477
bge-m3,D3_high_hard_external,corpus_oracle,Recall@10,0.9080729166666667
bge-m3,D3_high_hard_external,q_only_oracle,Recall@10,0.9080729166666667
bge-m3,D3_high_hard_external,H_corpus,Recall@10,0.0
bge-m3,D3_high_hard_external,baseline,MRR@10,0.5308965773809524
bge-m3,D3_high_hard_external,corpus_oracle,MRR@10,0.9622395833333333
bge-m3,D3_high_hard_external,q_only_oracle,MRR@10,0.9622395833333333
bge-m3,D3_high_hard_external,H_corpus,MRR@10,0.0
bge-m3,D3_high_hard_external,baseline,NDCG@10,0.4497315269038021
bge-m3,D3_high_hard_external,corpus_oracle,NDCG@10,0.9124525907741594
bge-m3,D3_high_hard_external,q_only_oracle,NDCG@10,0.9127795211135497
bge-m3,D3_high_hard_external,H_corpus,NDCG@10,-0.0003269303393902412
e5,D0_original,baseline,HitRate@5,0.65625
e5,D0_original,corpus_oracle,HitRate@5,0.984375
e5,D0_original,q_only_oracle,HitRate@5,0.984375
e5,D0_original,H_corpus,HitRate@5,0.0
e5,D0_original,baseline,HitRate@10,0.734375
e5,D0_original,corpus_oracle,HitRate@10,0.984375
e5,D0_original,q_only_oracle,HitRate@10,0.984375
e5,D0_original,H_corpus,HitRate@10,0.0
e5,D0_original,baseline,Recall@5,0.464657738095238
e5,D0_original,corpus_oracle,Recall@5,0.8610119047619048
e5,D0_original,q_only_oracle,Recall@5,0.8610119047619048
e5,D0_original,H_corpus,Recall@5,0.0
e5,D0_original,baseline,Recall@10,0.5469866071428571
e5,D0_original,corpus_oracle,Recall@10,0.899813988095238
e5,D0_original,q_only_oracle,Recall@10,0.899813988095238
e5,D0_original,H_corpus,Recall@10,0.0
e5,D0_original,baseline,MRR@10,0.53125
e5,D0_original,corpus_oracle,MRR@10,0.9544270833333334
e5,D0_original,q_only_oracle,MRR@10,0.9544270833333334
e5,D0_original,H_corpus,MRR@10,0.0
e5,D0_original,baseline,NDCG@10,0.46644259795690357
e5,D0_original,corpus_oracle,NDCG@10,0.8983489179203834
e5,D0_original,q_only_oracle,NDCG@10,0.8983489179203834
e5,D0_original,H_corpus,NDCG@10,0.0
e5,D1_random_external,baseline,HitRate@5,0.65625
e5,D1_random_external,corpus_oracle,HitRate@5,0.984375
e5,D1_random_external,q_only_oracle,HitRate@5,0.984375
e5,D1_random_external,H_corpus,HitRate@5,0.0
e5,D1_random_external,baseline,HitRate@10,0.734375
e5,D1_random_external,corpus_oracle,HitRate@10,0.984375
e5,D1_random_external,q_only_oracle,HitRate@10,0.984375
e5,D1_random_external,H_corpus,HitRate@10,0.0
e5,D1_random_external,baseline,Recall@5,0.464657738095238
e5,D1_random_external,corpus_oracle,Recall@5,0.8610119047619048
e5,D1_random_external,q_only_oracle,Recall@5,0.8610119047619048
e5,D1_random_external,H_corpus,Recall@5,0.0
e5,D1_random_external,baseline,Recall@10,0.5469866071428571
e5,D1_random_external,corpus_oracle,Recall@10,0.899813988095238
e5,D1_random_external,q_only_oracle,Recall@10,0.899813988095238
e5,D1_random_external,H_corpus,Recall@10,0.0
e5,D1_random_external,baseline,MRR@10,0.53125
e5,D1_random_external,corpus_oracle,MRR@10,0.9544270833333334
e5,D1_random_external,q_only_oracle,MRR@10,0.9544270833333334
e5,D1_random_external,H_corpus,MRR@10,0.0
e5,D1_random_external,baseline,NDCG@10,0.46644259795690357
e5,D1_random_external,corpus_oracle,NDCG@10,0.8983489179203834
e5,D1_random_external,q_only_oracle,NDCG@10,0.8983489179203834
e5,D1_random_external,H_corpus,NDCG@10,0.0
e5,D2_hard_external,baseline,HitRate@5,0.65625
e5,D2_hard_external,corpus_oracle,HitRate@5,0.984375
e5,D2_hard_external,q_only_oracle,HitRate@5,0.984375
e5,D2_hard_external,H_corpus,HitRate@5,0.0
e5,D2_hard_external,baseline,HitRate@10,0.734375
e5,D2_hard_external,corpus_oracle,HitRate@10,0.984375
e5,D2_hard_external,q_only_oracle,HitRate@10,0.984375
e5,D2_hard_external,H_corpus,HitRate@10,0.0
e5,D2_hard_external,baseline,Recall@5,0.464657738095238
e5,D2_hard_external,corpus_oracle,Recall@5,0.8610119047619048
e5,D2_hard_external,q_only_oracle,Recall@5,0.8610119047619048
e5,D2_hard_external,H_corpus,Recall@5,0.0
e5,D2_hard_external,baseline,Recall@10,0.5469866071428571
e5,D2_hard_external,corpus_oracle,Recall@10,0.899813988095238
e5,D2_hard_external,q_only_oracle,Recall@10,0.899813988095238
e5,D2_hard_external,H_corpus,Recall@10,0.0
e5,D2_hard_external,baseline,MRR@10,0.53125
e5,D2_hard_external,corpus_oracle,MRR@10,0.9544270833333334
e5,D2_hard_external,q_only_oracle,MRR@10,0.9544270833333334
e5,D2_hard_external,H_corpus,MRR@10,0.0
e5,D2_hard_external,baseline,NDCG@10,0.46644259795690357
e5,D2_hard_external,corpus_oracle,NDCG@10,0.8980275811397085
e5,D2_hard_external,q_only_oracle,NDCG@10,0.8983489179203834
e5,D2_hard_external,H_corpus,NDCG@10,-0.000321336780674919
e5,D3_high_hard_external,baseline,HitRate@5,0.65625
e5,D3_high_hard_external,corpus_oracle,HitRate@5,0.984375
e5,D3_high_hard_external,q_only_oracle,HitRate@5,0.984375
e5,D3_high_hard_external,H_corpus,HitRate@5,0.0
e5,D3_high_hard_external,baseline,HitRate@10,0.734375
e5,D3_high_hard_external,corpus_oracle,HitRate@10,0.984375
e5,D3_high_hard_external,q_only_oracle,HitRate@10,0.984375
e5,D3_high_hard_external,H_corpus,HitRate@10,0.0
e5,D3_high_hard_external,baseline,Recall@5,0.464657738095238
e5,D3_high_hard_external,corpus_oracle,Recall@5,0.8610119047619048
e5,D3_high_hard_external,q_only_oracle,Recall@5,0.8610119047619048
e5,D3_high_hard_external,H_corpus,Recall@5,0.0
e5,D3_high_hard_external,baseline,Recall@10,0.5469866071428571
e5,D3_high_hard_external,corpus_oracle,Recall@10,0.899813988095238
e5,D3_high_hard_external,q_only_oracle,Recall@10,0.899813988095238
e5,D3_high_hard_external,H_corpus,Recall@10,0.0
e5,D3_high_hard_external,baseline,MRR@10,0.53125
e5,D3_high_hard_external,corpus_oracle,MRR@10,0.9544270833333334
e5,D3_high_hard_external,q_only_oracle,MRR@10,0.9544270833333334
e5,D3_high_hard_external,H_corpus,MRR@10,0.0
e5,D3_high_hard_external,baseline,NDCG@10,0.46644259795690357
e5,D3_high_hard_external,corpus_oracle,NDCG@10,0.8980275811397085
e5,D3_high_hard_external,q_only_oracle,NDCG@10,0.8983489179203834
e5,D3_high_hard_external,H_corpus,NDCG@10,-0.000321336780674919
