model,variant,oracle,coordinate_norm_mean,rank_loss
qwen3,D0_original,corpus_oracle,3.2711281776428223,4.356986999511719
qwen3,D1_random_external,corpus_oracle,3.271808624267578,4.356978416442871
qwen3,D2_hard_external,corpus_oracle,3.2747464179992676,4.356993675231934
qwen3,D3_high_hard_external,corpus_oracle,3.2758426666259766,4.35700798034668
qwen3,D0_D1_D2_D3,q_only_oracle,3.273353099822998,4.357001781463623
bge-m3,D0_original,corpus_oracle,4.217041015625,4.427361011505127
bge-m3,D1_random_external,corpus_oracle,4.216922760009766,4.4273295402526855
bge-m3,D2_hard_external,corpus_oracle,4.218008995056152,4.427338123321533
bge-m3,D3_high_hard_external,corpus_oracle,4.219111442565918,4.427283763885498
bge-m3,D0_D1_D2_D3,q_only_oracle,4.21776008605957,4.42734432220459
e5,D0_original,corpus_oracle,5.095895767211914,4.572593688964844
e5,D1_random_external,corpus_oracle,5.095815181732178,4.572582244873047
e5,D2_hard_external,corpus_oracle,5.0952253341674805,4.572585105895996
e5,D3_high_hard_external,corpus_oracle,5.0958380699157715,4.5725932121276855
e5,D0_D1_D2_D3,q_only_oracle,5.095597267150879,4.572598934173584
