model,heldout_corpus,method,selected_alpha,test_queries,mse,normalized_mse,r2_variance_weighted,cosine_mean,cosine_median,nmse_gain_over_q_only,nmse_gain_over_reference
qwen3,fiqa,q_only,10000.0,648,0.0033906488679349422,1.1104986667633057,-0.20840835571289062,0.21086984872817993,0.2208324670791626,0.0,0.07863843441009521
qwen3,fiqa,reference_geometry,10000.0,648,0.003630752908065915,1.1891371011734009,-0.29398033022880554,0.20792756974697113,0.21440233290195465,-0.07863843441009521,0.0
qwen3,fiqa,corpus_geometry,10000.0,648,0.0031784854363650084,1.0410113334655762,-0.13279446959495544,0.24448560178279877,0.25154367089271545,0.06948733329772949,0.1481257677078247
qwen3,arguana,q_only,10000.0,211,0.003001451725140214,1.0758507251739502,-0.22060556709766388,0.2820266783237457,0.2745962142944336,0.0,0.0033922195434570312
qwen3,arguana,reference_geometry,10000.0,211,0.003010915359482169,1.0792429447174072,-0.2244541496038437,0.28409793972969055,0.27920910716056824,-0.0033922195434570312,0.0
qwen3,arguana,corpus_geometry,10000.0,211,0.0028326280880719423,1.0153369903564453,-0.1519496589899063,0.3083823025226593,0.30439355969429016,0.06051373481750488,0.06390595436096191
qwen3,scifact,q_only,10000.0,45,0.002408014377579093,0.8492718935012817,0.07260151207447052,0.42827925086021423,0.4511902332305908,0.0,0.020340919494628906
qwen3,scifact,reference_geometry,10000.0,45,0.002465688856318593,0.8696128129959106,0.05038938671350479,0.42675307393074036,0.4302605390548706,-0.020340919494628906,0.0
qwen3,scifact,corpus_geometry,10000.0,45,0.0023296563886106014,0.8216361403465271,0.10277949273586273,0.4468000531196594,0.4796624183654785,0.02763575315475464,0.047976672649383545
qwen3,nfcorpus,q_only,10000.0,49,0.0031198221258819103,0.7699146866798401,0.10568396747112274,0.48570746183395386,0.4907303750514984,0.0,-0.002305150032043457
qwen3,nfcorpus,reference_geometry,10000.0,49,0.0031104811932891607,0.7676095366477966,0.10836172103881836,0.4889092743396759,0.48446163535118103,0.002305150032043457,0.0
qwen3,nfcorpus,corpus_geometry,10000.0,49,0.002962743863463402,0.7311506867408752,0.15071150660514832,0.5233782529830933,0.5477262139320374,0.038763999938964844,0.03645884990692139
bge-m3,fiqa,q_only,10000.0,648,0.0034933979623019695,0.6877854466438293,-0.22188633680343628,0.566240131855011,0.5745095014572144,0.0,0.027607202529907227
bge-m3,fiqa,reference_geometry,10000.0,648,0.003633620450273156,0.7153926491737366,-0.2709319293498993,0.5549070835113525,0.5623313784599304,-0.027607202529907227,0.0
bge-m3,fiqa,corpus_geometry,10000.0,648,0.003185632871463895,0.6271921992301941,-0.11423906683921814,0.6091626286506653,0.6199756264686584,0.060593247413635254,0.08820044994354248
bge-m3,arguana,q_only,10000.0,211,0.003196760080754757,1.2690967321395874,-0.3372614085674286,0.2900867164134979,0.29503947496414185,0.0,-0.048645973205566406
bge-m3,arguana,reference_geometry,10000.0,211,0.0030742245726287365,1.220450758934021,-0.28600239753723145,0.30650147795677185,0.3108316659927368,0.048645973205566406,0.0
bge-m3,arguana,corpus_geometry,10000.0,211,0.0028256168588995934,1.121754765510559,-0.1820055991411209,0.3305845558643341,0.33712586760520935,0.14734196662902832,0.09869599342346191
bge-m3,scifact,q_only,10000.0,45,0.0025346255861222744,0.5836573839187622,0.2372196912765503,0.62950199842453,0.6364225149154663,0.0,-0.00823122262954712
bge-m3,scifact,reference_geometry,10000.0,45,0.0024988800287246704,0.5754261612892151,0.24797697365283966,0.6383581161499023,0.6462365388870239,0.00823122262954712,0.0
bge-m3,scifact,corpus_geometry,10000.0,45,0.002351818373426795,0.5415617227554321,0.2922343909740448,0.6571837663650513,0.6870712637901306,0.04209566116333008,0.03386443853378296
bge-m3,nfcorpus,q_only,10000.0,49,0.002699868520721793,0.4961889386177063,0.15363246202468872,0.7056736946105957,0.7052091956138611,0.0,-0.006482511758804321
bge-m3,nfcorpus,reference_geometry,10000.0,49,0.00266459584236145,0.489706426858902,0.16468991339206696,0.7090598940849304,0.7080903649330139,0.006482511758804321,0.0
bge-m3,nfcorpus,corpus_geometry,10000.0,49,0.002466148929670453,0.45323532819747925,0.22690001130104065,0.7364132404327393,0.7432198524475098,0.04295361042022705,0.03647109866142273
e5,fiqa,q_only,1000.0,648,0.0022177172359079123,1.5167577266693115,-0.930863082408905,0.2977285087108612,0.305814266204834,0.0,-0.004662275314331055
e5,fiqa,reference_geometry,1000.0,648,0.0022109004203230143,1.5120954513549805,-0.9249283075332642,0.3059440851211548,0.311295747756958,0.004662275314331055,0.0
e5,fiqa,corpus_geometry,1000.0,648,0.001969794509932399,1.3471965789794922,-0.715008556842804,0.3324894905090332,0.3364700675010681,0.16956114768981934,0.16489887237548828
e5,arguana,q_only,10000.0,211,0.0015133415581658483,0.5205901861190796,-0.5022260546684265,0.6934023499488831,0.6956637501716614,0.0,0.0030234456062316895
e5,arguana,reference_geometry,10000.0,211,0.0015221305657178164,0.5236136317253113,-0.51095050573349,0.6907256245613098,0.6924183368682861,-0.0030234456062316895,0.0
e5,arguana,corpus_geometry,10000.0,211,0.0014244536869227886,0.4900127351284027,-0.41399094462394714,0.7159966230392456,0.7217733263969421,0.03057745099067688,0.03360089659690857
e5,scifact,q_only,10000.0,45,0.0008029962773434818,0.4055957496166229,0.1900673806667328,0.7665289044380188,0.789233922958374,0.0,0.0020944178104400635
e5,scifact,reference_geometry,10000.0,45,0.0008071427582763135,0.407690167427063,0.18588510155677795,0.7659749388694763,0.7846049666404724,-0.0020944178104400635,0.0
e5,scifact,corpus_geometry,10000.0,45,0.0007846411899663508,0.3963245451450348,0.20858103036880493,0.772887110710144,0.7985119819641113,0.009271204471588135,0.011365622282028198
e5,nfcorpus,q_only,10000.0,49,0.0013631427427753806,0.5831795334815979,-0.043437737971544266,0.6392650008201599,0.6480404138565063,0.0,0.0029699206352233887
e5,nfcorpus,reference_geometry,10000.0,49,0.0013700847048312426,0.5861494541168213,-0.048751477152109146,0.639515221118927,0.6536270380020142,-0.0029699206352233887,0.0
e5,nfcorpus,corpus_geometry,10000.0,49,0.0011545105371624231,0.49392253160476685,0.11626297980546951,0.7050883769989014,0.7059853672981262,0.08925700187683105,0.09222692251205444
