model,heldout_corpus,method,alpha,macro_dev_normalized_mse
qwen3,fiqa,q_only,10.0,1.502331018447876
qwen3,fiqa,q_only,100.0,0.9344886541366577
qwen3,fiqa,q_only,1000.0,0.669270912806193
qwen3,fiqa,q_only,10000.0,0.6343642870585123
qwen3,fiqa,q_only,100000.0,0.7855443159739176
qwen3,fiqa,reference_geometry,10.0,1.5140682061513264
qwen3,fiqa,reference_geometry,100.0,0.9401959776878357
qwen3,fiqa,reference_geometry,1000.0,0.6715605656305949
qwen3,fiqa,reference_geometry,10000.0,0.626384456952413
qwen3,fiqa,reference_geometry,100000.0,0.7721020181973776
qwen3,fiqa,corpus_geometry,10.0,1.4975001017252605
qwen3,fiqa,corpus_geometry,100.0,0.9194545745849609
qwen3,fiqa,corpus_geometry,1000.0,0.6583671768506368
qwen3,fiqa,corpus_geometry,10000.0,0.6186669667561849
qwen3,fiqa,corpus_geometry,100000.0,0.7705962260564169
qwen3,arguana,q_only,10.0,0.9845276474952698
qwen3,arguana,q_only,100.0,0.8766197363535563
qwen3,arguana,q_only,1000.0,0.7404780785242716
qwen3,arguana,q_only,10000.0,0.6565832297007242
qwen3,arguana,q_only,100000.0,0.7487832506497701
qwen3,arguana,reference_geometry,10.0,0.9961756666501363
qwen3,arguana,reference_geometry,100.0,0.8753419319788615
qwen3,arguana,reference_geometry,1000.0,0.7391528487205505
qwen3,arguana,reference_geometry,10000.0,0.652087132136027
qwen3,arguana,reference_geometry,100000.0,0.7350596984227499
qwen3,arguana,corpus_geometry,10.0,0.9524935682614645
qwen3,arguana,corpus_geometry,100.0,0.842494269212087
qwen3,arguana,corpus_geometry,1000.0,0.7205379207928976
qwen3,arguana,corpus_geometry,10000.0,0.6428850094477335
qwen3,arguana,corpus_geometry,100000.0,0.7296092907587687
qwen3,scifact,q_only,10.0,0.7586912115414938
qwen3,scifact,q_only,100.0,0.704596479733785
qwen3,scifact,q_only,1000.0,0.6228423317273458
qwen3,scifact,q_only,10000.0,0.586878776550293
qwen3,scifact,q_only,100000.0,0.6808442870775858
qwen3,scifact,reference_geometry,10.0,0.7809137503306071
qwen3,scifact,reference_geometry,100.0,0.7133254210154215
qwen3,scifact,reference_geometry,1000.0,0.6236662666002909
qwen3,scifact,reference_geometry,10000.0,0.5832613110542297
qwen3,scifact,reference_geometry,100000.0,0.6695381005605062
qwen3,scifact,corpus_geometry,10.0,0.746824582417806
qwen3,scifact,corpus_geometry,100.0,0.6895519892374674
qwen3,scifact,corpus_geometry,1000.0,0.6093857685724894
qwen3,scifact,corpus_geometry,10000.0,0.5742598076661428
qwen3,scifact,corpus_geometry,100000.0,0.6635314226150513
qwen3,nfcorpus,q_only,10.0,0.8561084469159445
qwen3,nfcorpus,q_only,100.0,0.7889938950538635
qwen3,nfcorpus,q_only,1000.0,0.6992090543111166
qwen3,nfcorpus,q_only,10000.0,0.6632664998372396
qwen3,nfcorpus,q_only,100000.0,0.7594566146532694
qwen3,nfcorpus,reference_geometry,10.0,0.8680535952250162
qwen3,nfcorpus,reference_geometry,100.0,0.7922151287396749
qwen3,nfcorpus,reference_geometry,1000.0,0.6966779232025146
qwen3,nfcorpus,reference_geometry,10000.0,0.6578990618387858
qwen3,nfcorpus,reference_geometry,100000.0,0.7478095889091492
qwen3,nfcorpus,corpus_geometry,10.0,0.8561379512151083
qwen3,nfcorpus,corpus_geometry,100.0,0.7809957067171732
qwen3,nfcorpus,corpus_geometry,1000.0,0.6884769399960836
qwen3,nfcorpus,corpus_geometry,10000.0,0.6524486939112345
qwen3,nfcorpus,corpus_geometry,100000.0,0.744633674621582
bge-m3,fiqa,q_only,10.0,0.9355624715487162
bge-m3,fiqa,q_only,100.0,0.6812407573064169
bge-m3,fiqa,q_only,1000.0,0.5211433470249176
bge-m3,fiqa,q_only,10000.0,0.5104354321956635
bge-m3,fiqa,q_only,100000.0,0.7081744273503622
bge-m3,fiqa,reference_geometry,10.0,0.945654551188151
bge-m3,fiqa,reference_geometry,100.0,0.6844814419746399
bge-m3,fiqa,reference_geometry,1000.0,0.520143578449885
bge-m3,fiqa,reference_geometry,10000.0,0.5008209049701691
bge-m3,fiqa,reference_geometry,100000.0,0.6931673884391785
bge-m3,fiqa,corpus_geometry,10.0,0.9303880532582601
bge-m3,fiqa,corpus_geometry,100.0,0.6717458367347717
bge-m3,fiqa,corpus_geometry,1000.0,0.5119045972824097
bge-m3,fiqa,corpus_geometry,10000.0,0.49533477425575256
bge-m3,fiqa,corpus_geometry,100000.0,0.6907052993774414
bge-m3,arguana,q_only,10.0,0.5590179065863291
bge-m3,arguana,q_only,100.0,0.490678350130717
bge-m3,arguana,q_only,1000.0,0.4310986300309499
bge-m3,arguana,q_only,10000.0,0.3870484431584676
bge-m3,arguana,q_only,100000.0,0.4835875332355499
bge-m3,arguana,reference_geometry,10.0,0.5626272658507029
bge-m3,arguana,reference_geometry,100.0,0.48546027143796283
bge-m3,arguana,reference_geometry,1000.0,0.4245024820168813
bge-m3,arguana,reference_geometry,10000.0,0.3812561631202698
bge-m3,arguana,reference_geometry,100000.0,0.4716259439786275
bge-m3,arguana,corpus_geometry,10.0,0.5449345111846924
bge-m3,arguana,corpus_geometry,100.0,0.47909124692281085
bge-m3,arguana,corpus_geometry,1000.0,0.4212971329689026
bge-m3,arguana,corpus_geometry,10000.0,0.3779395818710327
bge-m3,arguana,corpus_geometry,100000.0,0.46803200244903564
bge-m3,scifact,q_only,10.0,0.5588243206342062
bge-m3,scifact,q_only,100.0,0.5062487324078878
bge-m3,scifact,q_only,1000.0,0.462018887201945
bge-m3,scifact,q_only,10000.0,0.4428323606650035
bge-m3,scifact,q_only,100000.0,0.5418758392333984
bge-m3,scifact,reference_geometry,10.0,0.5659273266792297
bge-m3,scifact,reference_geometry,100.0,0.5086983541647593
bge-m3,scifact,reference_geometry,1000.0,0.46120919783910114
bge-m3,scifact,reference_geometry,10000.0,0.43930720289548236
bge-m3,scifact,reference_geometry,100000.0,0.5319616397221884
bge-m3,scifact,corpus_geometry,10.0,0.5454980731010437
bge-m3,scifact,corpus_geometry,100.0,0.4939640363057454
bge-m3,scifact,corpus_geometry,1000.0,0.4513629774252574
bge-m3,scifact,corpus_geometry,10000.0,0.43186482787132263
bge-m3,scifact,corpus_geometry,100000.0,0.5250918964544932
bge-m3,nfcorpus,q_only,10.0,0.5867992540200552
bge-m3,nfcorpus,q_only,100.0,0.534029463926951
bge-m3,nfcorpus,q_only,1000.0,0.49687958757082623
bge-m3,nfcorpus,q_only,10000.0,0.48264875014623004
bge-m3,nfcorpus,q_only,100000.0,0.5973183910051981
bge-m3,nfcorpus,reference_geometry,10.0,0.583545575539271
bge-m3,nfcorpus,reference_geometry,100.0,0.5297642449537913
bge-m3,nfcorpus,reference_geometry,1000.0,0.49251388510068256
bge-m3,nfcorpus,reference_geometry,10000.0,0.47687747081120807
bge-m3,nfcorpus,reference_geometry,100000.0,0.5845283369223276
bge-m3,nfcorpus,corpus_geometry,10.0,0.5810838937759399
bge-m3,nfcorpus,corpus_geometry,100.0,0.5265960693359375
bge-m3,nfcorpus,corpus_geometry,1000.0,0.4868399997552236
bge-m3,nfcorpus,corpus_geometry,10000.0,0.4718700846036275
bge-m3,nfcorpus,corpus_geometry,100000.0,0.5805150071779887
e5,fiqa,q_only,10.0,0.50163667400678
e5,fiqa,q_only,100.0,0.370630810658137
e5,fiqa,q_only,1000.0,0.2813379267851512
e5,fiqa,q_only,10000.0,0.30146270990371704
e5,fiqa,q_only,100000.0,0.46495531996091205
e5,fiqa,reference_geometry,10.0,0.5167562961578369
e5,fiqa,reference_geometry,100.0,0.3756972352663676
e5,fiqa,reference_geometry,1000.0,0.2813069224357605
e5,fiqa,reference_geometry,10000.0,0.2948381503423055
e5,fiqa,reference_geometry,100000.0,0.4512832959493001
e5,fiqa,corpus_geometry,10.0,0.5052849253018697
e5,fiqa,corpus_geometry,100.0,0.36577056845029193
e5,fiqa,corpus_geometry,1000.0,0.27489395439624786
e5,fiqa,corpus_geometry,10000.0,0.2891080578168233
e5,fiqa,corpus_geometry,100000.0,0.448562095562617
e5,arguana,q_only,10.0,0.44186925888061523
e5,arguana,q_only,100.0,0.409127801656723
e5,arguana,q_only,1000.0,0.3596070210138957
e5,arguana,q_only,10000.0,0.33764426906903583
e5,arguana,q_only,100000.0,0.4498724937438965
e5,arguana,reference_geometry,10.0,0.4421677390734355
e5,arguana,reference_geometry,100.0,0.40835575262705487
e5,arguana,reference_geometry,1000.0,0.359016810854276
e5,arguana,reference_geometry,10000.0,0.3333410620689392
e5,arguana,reference_geometry,100000.0,0.43671467900276184
e5,arguana,corpus_geometry,10.0,0.431182603041331
e5,arguana,corpus_geometry,100.0,0.3981628715991974
e5,arguana,corpus_geometry,1000.0,0.3490087538957596
e5,arguana,corpus_geometry,10000.0,0.32610343396663666
e5,arguana,corpus_geometry,100000.0,0.42978161573410034
e5,scifact,q_only,10.0,0.3828302323818207
e5,scifact,q_only,100.0,0.36632131040096283
e5,scifact,q_only,1000.0,0.33908984065055847
e5,scifact,q_only,10000.0,0.32816940546035767
e5,scifact,q_only,100000.0,0.42669113477071124
e5,scifact,reference_geometry,10.0,0.3876235882441203
e5,scifact,reference_geometry,100.0,0.36866654952367145
e5,scifact,reference_geometry,1000.0,0.33977437516053516
e5,scifact,reference_geometry,10000.0,0.32487169404824573
e5,scifact,reference_geometry,100000.0,0.4152867446343104
e5,scifact,corpus_geometry,10.0,0.37180199722448987
e5,scifact,corpus_geometry,100.0,0.35360364615917206
e5,scifact,corpus_geometry,1000.0,0.3267633318901062
e5,scifact,corpus_geometry,10000.0,0.3160317540168762
e5,scifact,corpus_geometry,100000.0,0.4071141729752223
e5,nfcorpus,q_only,10.0,0.3446359684069951
e5,nfcorpus,q_only,100.0,0.32992566128571826
e5,nfcorpus,q_only,1000.0,0.3079339365164439
e5,nfcorpus,q_only,10000.0,0.3050801505645116
e5,nfcorpus,q_only,100000.0,0.404344101746877
e5,nfcorpus,reference_geometry,10.0,0.34377260009447735
e5,nfcorpus,reference_geometry,100.0,0.32895951966444653
e5,nfcorpus,reference_geometry,1000.0,0.30680179099241894
e5,nfcorpus,reference_geometry,10000.0,0.3010425219933192
e5,nfcorpus,reference_geometry,100000.0,0.3941432883342107
e5,nfcorpus,corpus_geometry,10.0,0.3405655672152837
e5,nfcorpus,corpus_geometry,100.0,0.3248537927865982
e5,nfcorpus,corpus_geometry,1000.0,0.30220810572306317
e5,nfcorpus,corpus_geometry,10000.0,0.29649462302525836
e5,nfcorpus,corpus_geometry,100000.0,0.38836715122063953
