dataset,model,lambda,HitRate@5,HitRate@10,Recall@5,Recall@10,MRR@10,NDCG@10,baseline_HitRate@10
fiqa,Qwen3,0.0,0.6759259259259259,0.75,0.45208036133962054,0.5453282785458712,0.550733024691358,0.46796898407580273,0.75
fiqa,Qwen3,0.05,0.6774691358024691,0.7530864197530864,0.4528795235971162,0.5455787439583737,0.5519467715069567,0.46878811435601253,0.75
fiqa,Qwen3,0.1,0.6790123456790124,0.7546296296296297,0.4542022749198675,0.546247468238209,0.5519559572800313,0.46882189190882295,0.75
fiqa,Qwen3,0.2,0.6820987654320988,0.7546296296296297,0.45363643129846837,0.5452701019830649,0.55489417989418,0.4687411841924052,0.75
fiqa,Qwen3,0.3,0.6820987654320988,0.7515432098765432,0.45601554652480575,0.5439498001998002,0.5571642906133646,0.4696835307654617,0.75
fiqa,Qwen3,0.5,0.6774691358024691,0.7469135802469136,0.4557859021979392,0.5412117717673274,0.5526712228101117,0.46735059778459076,0.75
fiqa,Qwen3,0.75,0.6774691358024691,0.7438271604938271,0.4543356806088288,0.5417218883654068,0.5521255878894767,0.46626554445921553,0.75
fiqa,Qwen3,1.0,0.6712962962962963,0.7438271604938271,0.45036191517672997,0.5365165227433746,0.550046541250245,0.46302909363322725,0.75
fiqa,BGE-M3,0.0,0.6157407407407407,0.6805555555555556,0.40038895432413946,0.47334963561815413,0.5037814765824025,0.4132489609242356,0.6805555555555556
fiqa,BGE-M3,0.05,0.6157407407407407,0.6867283950617284,0.4000031518550036,0.47507171754856936,0.5050191064079952,0.41423761925756225,0.6805555555555556
fiqa,BGE-M3,0.1,0.6157407407407407,0.6851851851851852,0.4000031518550036,0.47614339107394665,0.5053124387615129,0.41454816904680375,0.6805555555555556
fiqa,BGE-M3,0.2,0.6172839506172839,0.6790123456790124,0.4027405122312529,0.4717709630904075,0.508068783068783,0.41490441282094387,0.6805555555555556
fiqa,BGE-M3,0.3,0.6188271604938271,0.6790123456790124,0.40354886026182313,0.4719510042426709,0.5064918920242995,0.41409285182905714,0.6805555555555556
fiqa,BGE-M3,0.5,0.6095679012345679,0.6743827160493827,0.39551427653279503,0.465187731507176,0.5040956300215559,0.4098054382321831,0.6805555555555556
fiqa,BGE-M3,0.75,0.6033950617283951,0.6697530864197531,0.3872366702227813,0.46137689899263973,0.495506932196747,0.40363029413579804,0.6805555555555556
fiqa,BGE-M3,1.0,0.5833333333333334,0.654320987654321,0.3647003887744628,0.44346280434243396,0.47787024789339605,0.38621814884223227,0.6805555555555556
fiqa,E5,0.0,0.6033950617283951,0.683641975308642,0.38963848223107483,0.47050885928200736,0.4776816333529297,0.3986663557596119,0.683641975308642
fiqa,E5,0.05,0.6064814814814815,0.683641975308642,0.39246770033807066,0.4714776521489485,0.4792193317656281,0.4005269243141656,0.683641975308642
fiqa,E5,0.1,0.6080246913580247,0.6851851851851852,0.3956827209142024,0.4723692845220623,0.4803681657848325,0.40189801979824114,0.683641975308642
fiqa,E5,0.2,0.6080246913580247,0.691358024691358,0.3982032970458896,0.4776804985138318,0.4804159318048207,0.4037931428901275,0.683641975308642
fiqa,E5,0.3,0.6111111111111112,0.6959876543209876,0.399655355789615,0.481075560242227,0.48279933372525957,0.4054047410543755,0.683641975308642
fiqa,E5,0.5,0.6080246913580247,0.691358024691358,0.39793082431971316,0.4734244793272571,0.48738058495002934,0.4053907600689324,0.683641975308642
fiqa,E5,0.75,0.6126543209876543,0.6929012345679012,0.3978683610628055,0.4744838494838495,0.4826101067999216,0.4020353575282885,0.683641975308642
fiqa,E5,1.0,0.5941358024691358,0.6851851851851852,0.387237972075935,0.4675608385099126,0.47729521849892215,0.39650421748976256,0.683641975308642
arguana,Qwen3,0.0,0.8317535545023697,0.9360189573459715,0.8317535545023697,0.9360189573459715,0.35345858722635976,0.49758677372839777,0.9360189573459715
arguana,Qwen3,0.05,0.8364928909952607,0.9360189573459715,0.8364928909952607,0.9360189573459715,0.3530702249304145,0.49738734546445723,0.9360189573459715
arguana,Qwen3,0.1,0.8412322274881516,0.9383886255924171,0.8412322274881516,0.9383886255924171,0.355737042052208,0.500089477650422,0.9360189573459715
arguana,Qwen3,0.2,0.8436018957345972,0.9383886255924171,0.8436018957345972,0.9383886255924171,0.3560793274655834,0.500394782921267,0.9360189573459715
arguana,Qwen3,0.3,0.8436018957345972,0.9407582938388626,0.8436018957345972,0.9407582938388626,0.3582289550891447,0.5025908622980625,0.9360189573459715
arguana,Qwen3,0.5,0.8388625592417062,0.943127962085308,0.8388625592417062,0.943127962085308,0.35910629654705484,0.5038297546496467,0.9360189573459715
arguana,Qwen3,0.75,0.8388625592417062,0.9454976303317536,0.8388625592417062,0.9454976303317536,0.3649157451290153,0.5090441897165405,0.9360189573459715
arguana,Qwen3,1.0,0.8270142180094787,0.9478672985781991,0.8270142180094787,0.9478672985781991,0.36238715865493115,0.507409842552312,0.9360189573459715
arguana,BGE-M3,0.0,0.6682464454976303,0.8388625592417062,0.6682464454976303,0.8388625592417062,0.2695375385541262,0.4068407769389075,0.8388625592417062
arguana,BGE-M3,0.05,0.6706161137440758,0.8388625592417062,0.6706161137440758,0.8388625592417062,0.27174452719476416,0.4087775881944427,0.8388625592417062
arguana,BGE-M3,0.1,0.6753554502369669,0.8412322274881516,0.6753554502369669,0.8412322274881516,0.2748702324531708,0.41188549379926076,0.8388625592417062
arguana,BGE-M3,0.2,0.6800947867298578,0.8459715639810427,0.6800947867298578,0.8459715639810427,0.2808414202963966,0.41788512007769857,0.8388625592417062
arguana,BGE-M3,0.3,0.6990521327014217,0.8530805687203792,0.6990521327014217,0.8530805687203792,0.2873025276461295,0.424944486362868,0.8388625592417062
arguana,BGE-M3,0.5,0.7227488151658767,0.8696682464454977,0.7227488151658767,0.8696682464454977,0.29472936884074324,0.43478650429871346,0.8388625592417062
arguana,BGE-M3,0.75,0.7322274881516587,0.8815165876777251,0.7322274881516587,0.8815165876777251,0.3020518317911683,0.4433502480235991,0.8388625592417062
arguana,BGE-M3,1.0,0.7464454976303317,0.8838862559241706,0.7464454976303317,0.8838862559241706,0.30829948092981274,0.44914348138812554,0.8388625592417062
arguana,E5,0.0,0.5023696682464455,0.6800947867298578,0.5023696682464455,0.6800947867298578,0.21104246595952755,0.3235080432230456,0.6800947867298578
arguana,E5,0.05,0.5402843601895735,0.7014218009478673,0.5402843601895735,0.7014218009478673,0.22352553975776726,0.33871180932298856,0.6800947867298578
arguana,E5,0.1,0.5616113744075829,0.7274881516587678,0.5616113744075829,0.7274881516587678,0.23519615587151133,0.35404738969712757,0.6800947867298578
arguana,E5,0.2,0.6208530805687204,0.7819905213270142,0.6208530805687204,0.7819905213270142,0.25854867223350636,0.38534045457534766,0.6800947867298578
arguana,E5,0.3,0.6563981042654028,0.8104265402843602,0.6563981042654028,0.8104265402843602,0.27495580380651474,0.40522439973004154,0.6800947867298578
arguana,E5,0.5,0.6895734597156398,0.8530805687203792,0.6895734597156398,0.8530805687203792,0.29500488979161965,0.430925338457327,0.6800947867298578
arguana,E5,0.75,0.7132701421800948,0.8744075829383886,0.7132701421800948,0.8744075829383886,0.30633510118107277,0.4450496357022849,0.6800947867298578
arguana,E5,1.0,0.7393364928909952,0.8815165876777251,0.7393364928909952,0.8815165876777251,0.315090649213872,0.4538324389934046,0.6800947867298578
scifact,Qwen3,0.0,0.7777777777777778,0.8444444444444444,0.77,0.8277777777777777,0.652389770723104,0.6929604596207879,0.8444444444444444
scifact,Qwen3,0.05,0.7888888888888889,0.8333333333333334,0.7811111111111111,0.8166666666666667,0.650895061728395,0.6894036661365899,0.8444444444444444
scifact,Qwen3,0.1,0.8,0.8444444444444444,0.7866666666666666,0.8277777777777777,0.6579320987654321,0.6969250588998961,0.8444444444444444
scifact,Qwen3,0.2,0.8,0.8555555555555555,0.7866666666666666,0.8444444444444444,0.6570679012345678,0.7008580326850888,0.8444444444444444
scifact,Qwen3,0.3,0.8111111111111111,0.8555555555555555,0.7977777777777777,0.8388888888888889,0.6519753086419753,0.6956609833289327,0.8444444444444444
scifact,Qwen3,0.5,0.8,0.8777777777777778,0.7922222222222222,0.8611111111111112,0.6575573192239859,0.7056234947394759,0.8444444444444444
scifact,Qwen3,0.75,0.8,0.8777777777777778,0.7922222222222222,0.8611111111111112,0.6688844797178131,0.7141814221854154,0.8444444444444444
scifact,Qwen3,1.0,0.7888888888888889,0.8333333333333334,0.7811111111111111,0.8166666666666667,0.6678218694885362,0.7029907331356623,0.8444444444444444
scifact,BGE-M3,0.0,0.7555555555555555,0.8222222222222222,0.7377777777777779,0.801111111111111,0.6194223985890653,0.6537218684124609,0.8222222222222222
scifact,BGE-M3,0.05,0.7555555555555555,0.8222222222222222,0.7377777777777779,0.801111111111111,0.6222663139329806,0.6568087647824078,0.8222222222222222
scifact,BGE-M3,0.1,0.7555555555555555,0.8222222222222222,0.7377777777777779,0.801111111111111,0.633452380952381,0.66507591789417,0.8222222222222222
scifact,BGE-M3,0.2,0.7555555555555555,0.8333333333333334,0.7377777777777779,0.8177777777777777,0.6355335097001764,0.6712639964025711,0.8222222222222222
scifact,BGE-M3,0.3,0.7666666666666667,0.8333333333333334,0.7488888888888889,0.8177777777777777,0.6349779541446208,0.6712126380868015,0.8222222222222222
scifact,BGE-M3,0.5,0.7444444444444445,0.8444444444444444,0.7344444444444443,0.8288888888888888,0.6462874779541447,0.6824895431887625,0.8222222222222222
scifact,BGE-M3,0.75,0.7555555555555555,0.8222222222222222,0.7455555555555555,0.8066666666666666,0.6308906525573192,0.6679276243446514,0.8222222222222222
scifact,BGE-M3,1.0,0.7555555555555555,0.8222222222222222,0.7455555555555555,0.8066666666666666,0.6240520282186949,0.6621568148865529,0.8222222222222222
scifact,E5,0.0,0.8444444444444444,0.9,0.8377777777777778,0.8844444444444444,0.7184259259259259,0.7572713898914054,0.9
scifact,E5,0.05,0.8444444444444444,0.9,0.8377777777777778,0.8844444444444444,0.7202777777777778,0.7587261649310881,0.9
scifact,E5,0.1,0.8666666666666667,0.9,0.8544444444444446,0.8844444444444444,0.7247222222222222,0.7619214581414742,0.9
scifact,E5,0.2,0.8666666666666667,0.9111111111111111,0.8544444444444446,0.8955555555555554,0.7261375661375662,0.7658621546411505,0.9
scifact,E5,0.3,0.8777777777777778,0.9111111111111111,0.8655555555555556,0.8955555555555554,0.74260582010582,0.7749513633183641,0.9
scifact,E5,0.5,0.8555555555555555,0.9111111111111111,0.8433333333333334,0.8955555555555554,0.7382539682539684,0.7697425804214455,0.9
scifact,E5,0.75,0.8666666666666667,0.9111111111111111,0.8466666666666667,0.8877777777777779,0.733284832451499,0.7623092102047061,0.9
scifact,E5,1.0,0.8666666666666667,0.9,0.8355555555555556,0.8744444444444445,0.7109567901234568,0.7431935009097077,0.9
nfcorpus,Qwen3,0.0,0.6494845360824743,0.711340206185567,0.15114698738881147,0.1858087506146129,0.5561978399607266,0.37432372945244924,0.711340206185567
nfcorpus,Qwen3,0.05,0.6701030927835051,0.711340206185567,0.15413496493615053,0.1879378407087411,0.5651325478645065,0.37699775578119815,0.711340206185567
nfcorpus,Qwen3,0.1,0.6701030927835051,0.711340206185567,0.15434974156845294,0.18278320153348337,0.571003109147439,0.37618153622984435,0.711340206185567
nfcorpus,Qwen3,0.2,0.6701030927835051,0.7010309278350515,0.14873541255811645,0.17640058867360242,0.5672803141875307,0.3732169651231065,0.711340206185567
nfcorpus,Qwen3,0.3,0.6597938144329897,0.7010309278350515,0.14868512293520095,0.17667030767457684,0.5673662248404516,0.37258886225675164,0.711340206185567
nfcorpus,Qwen3,0.5,0.6185567010309279,0.6804123711340206,0.1410552842751483,0.17048386930734089,0.5458558337424316,0.3579577943721149,0.711340206185567
nfcorpus,Qwen3,0.75,0.5979381443298969,0.6597938144329897,0.13113402477606045,0.16327776238881916,0.5213590247095401,0.33066072794064255,0.711340206185567
nfcorpus,Qwen3,1.0,0.5773195876288659,0.6391752577319587,0.12025391159380781,0.14989061981255714,0.475756831942399,0.2995498377084938,0.711340206185567
nfcorpus,BGE-M3,0.0,0.6082474226804123,0.6494845360824743,0.14018385860192592,0.16225579315293642,0.5209908361970218,0.337301512303711,0.6494845360824743
nfcorpus,BGE-M3,0.05,0.6082474226804123,0.6391752577319587,0.14009861070285648,0.16333467014367611,0.5227213222058583,0.33702670419572195,0.6494845360824743
nfcorpus,BGE-M3,0.1,0.6185567010309279,0.6391752577319587,0.14108248820735256,0.1646620393587682,0.529581901489118,0.34033593660231165,0.6494845360824743
nfcorpus,BGE-M3,0.2,0.5876288659793815,0.6494845360824743,0.13679383269775539,0.164462136120183,0.5285918834887907,0.3397757166368502,0.6494845360824743
nfcorpus,BGE-M3,0.3,0.5876288659793815,0.6597938144329897,0.13777372450136874,0.16546211223950086,0.5160612011127474,0.3346904099405809,0.6494845360824743
nfcorpus,BGE-M3,0.5,0.5876288659793815,0.6391752577319587,0.13268009169650674,0.15782130053610172,0.49402716413025693,0.3180411473313841,0.6494845360824743
nfcorpus,BGE-M3,0.75,0.5567010309278351,0.6288659793814433,0.10989320769072347,0.14414494972040617,0.4733636066110293,0.29719288217163625,0.6494845360824743
nfcorpus,BGE-M3,1.0,0.5154639175257731,0.6082474226804123,0.09818651744380874,0.12414539974896474,0.4413639338897071,0.2620819858587895,0.6494845360824743
nfcorpus,E5,0.0,0.6391752577319587,0.6701030927835051,0.14014948293656299,0.17096013555734987,0.5348224513172967,0.36467020270707334,0.6701030927835051
nfcorpus,E5,0.05,0.6185567010309279,0.6804123711340206,0.13680496468587336,0.1772559186983067,0.5379725085910654,0.36751091434861477,0.6701030927835051
nfcorpus,E5,0.1,0.6185567010309279,0.6804123711340206,0.13663978952125483,0.17586556240215584,0.5283791523482245,0.36519552767420355,0.6701030927835051
nfcorpus,E5,0.2,0.6082474226804123,0.6907216494845361,0.13610602097559246,0.1783556282890264,0.5254868270332187,0.3649565936601385,0.6701030927835051
nfcorpus,E5,0.3,0.5979381443298969,0.6907216494845361,0.13869479531694415,0.17471437148285643,0.5265300278186876,0.3643077039939593,0.6701030927835051
nfcorpus,E5,0.5,0.6082474226804123,0.6804123711340206,0.13857856503303437,0.16905513969150773,0.5161634756995581,0.3557785712151765,0.6701030927835051
nfcorpus,E5,0.75,0.6288659793814433,0.6907216494845361,0.13442826800600116,0.16658304380259165,0.5206308296514481,0.34913130092219563,0.6701030927835051
nfcorpus,E5,1.0,0.5979381443298969,0.6494845360824743,0.12924143294248217,0.15751819910023934,0.4979667812142039,0.33777996852923464,0.6701030927835051
