model,heldout_corpus,selection,method,hyperparameter,threshold,macro_dev_NDCG@10
text-embedding-3-small-aiberm,fiqa,oracle_candidate_lambda,query_only_candidate,0.0,,0.4768412709236145
text-embedding-3-small-aiberm,fiqa,oracle_candidate_lambda,query_only_candidate,0.05,,0.4791194796562195
text-embedding-3-small-aiberm,fiqa,oracle_candidate_lambda,query_only_candidate,0.1,,0.4812846779823303
text-embedding-3-small-aiberm,fiqa,oracle_candidate_lambda,query_only_candidate,0.2,,0.48240474859873456
text-embedding-3-small-aiberm,fiqa,oracle_candidate_lambda,query_only_candidate,0.3,,0.48469727238019306
text-embedding-3-small-aiberm,fiqa,oracle_candidate_lambda,query_only_candidate,0.5,,0.49106863141059875
text-embedding-3-small-aiberm,fiqa,oracle_candidate_lambda,query_only_candidate,0.75,,0.49688132603963214
text-embedding-3-small-aiberm,fiqa,oracle_candidate_lambda,query_only_candidate,1.0,,0.5037342409292856
text-embedding-3-small-aiberm,fiqa,learned_gate,gate_q_only,100.0,-inf,0.4870424071947734
text-embedding-3-small-aiberm,fiqa,learned_gate,gate_q_only,100.0,-0.2641647160053253,0.4870424071947734
text-embedding-3-small-aiberm,fiqa,learned_gate,gate_q_only,100.0,0.0,0.48743557929992676
text-embedding-3-small-aiberm,fiqa,learned_gate,gate_q_only,100.0,0.004585381597280502,0.48702189326286316
text-embedding-3-small-aiberm,fiqa,learned_gate,gate_q_only,100.0,0.036208830773830414,0.48526962598164874
text-embedding-3-small-aiberm,fiqa,learned_gate,gate_q_only,100.0,0.09494405426084995,0.4837736487388611
text-embedding-3-small-aiberm,fiqa,learned_gate,gate_q_only,100.0,0.1584711685776711,0.4800907075405121
text-embedding-3-small-aiberm,fiqa,learned_gate,gate_q_only,100.0,0.22252029478549948,0.4798017541567485
text-embedding-3-small-aiberm,fiqa,learned_gate,gate_q_only,100.0,0.8284016251564026,0.4768412709236145
text-embedding-3-small-aiberm,fiqa,learned_gate,gate_q_only,100.0,inf,0.4768412709236145
text-embedding-3-small-aiberm,fiqa,learned_gate,gate_q_only,1000.0,-inf,0.4870424071947734
text-embedding-3-small-aiberm,fiqa,learned_gate,gate_q_only,1000.0,-0.14371007680892944,0.4870424071947734
text-embedding-3-small-aiberm,fiqa,learned_gate,gate_q_only,1000.0,0.0,0.48918719093004864
text-embedding-3-small-aiberm,fiqa,learned_gate,gate_q_only,1000.0,0.01672435738146305,0.4874306221803029
text-embedding-3-small-aiberm,fiqa,learned_gate,gate_q_only,1000.0,0.049671199172735214,0.4847769538561503
text-embedding-3-small-aiberm,fiqa,learned_gate,gate_q_only,1000.0,0.08962668664753437,0.4814634323120117
text-embedding-3-small-aiberm,fiqa,learned_gate,gate_q_only,1000.0,0.13465842604637146,0.4787674645582835
text-embedding-3-small-aiberm,fiqa,learned_gate,gate_q_only,1000.0,0.1687847420573234,0.4800635774930318
text-embedding-3-small-aiberm,fiqa,learned_gate,gate_q_only,1000.0,0.5520602464675903,0.4768412709236145
text-embedding-3-small-aiberm,fiqa,learned_gate,gate_q_only,1000.0,inf,0.4768412709236145
text-embedding-3-small-aiberm,fiqa,learned_gate,gate_q_only,10000.0,-inf,0.4870424071947734
text-embedding-3-small-aiberm,fiqa,learned_gate,gate_q_only,10000.0,-0.04047319293022156,0.4870424071947734
text-embedding-3-small-aiberm,fiqa,learned_gate,gate_q_only,10000.0,0.0,0.4864387512207031
text-embedding-3-small-aiberm,fiqa,learned_gate,gate_q_only,10000.0,0.04021210875362158,0.48854835828145343
text-embedding-3-small-aiberm,fiqa,learned_gate,gate_q_only,10000.0,0.058190809562802315,0.4847120443979899
text-embedding-3-small-aiberm,fiqa,learned_gate,gate_q_only,10000.0,0.07747127301990986,0.4806026717027028
text-embedding-3-small-aiberm,fiqa,learned_gate,gate_q_only,10000.0,0.09821050390601162,0.48279476165771484
text-embedding-3-small-aiberm,fiqa,learned_gate,gate_q_only,10000.0,0.11423587873578071,0.4780167539914449
text-embedding-3-small-aiberm,fiqa,learned_gate,gate_q_only,10000.0,0.28182393312454224,0.4768412709236145
text-embedding-3-small-aiberm,fiqa,learned_gate,gate_q_only,10000.0,inf,0.4768412709236145
text-embedding-3-small-aiberm,fiqa,learned_gate,gate_reference_geometry,100.0,-inf,0.4870424071947734
text-embedding-3-small-aiberm,fiqa,learned_gate,gate_reference_geometry,100.0,-0.2714633643627167,0.4870424071947734
text-embedding-3-small-aiberm,fiqa,learned_gate,gate_reference_geometry,100.0,0.0,0.4874476691087087
text-embedding-3-small-aiberm,fiqa,learned_gate,gate_reference_geometry,100.0,0.00399361364543438,0.4874476691087087
text-embedding-3-small-aiberm,fiqa,learned_gate,gate_reference_geometry,100.0,0.03534143976867199,0.48619210720062256
text-embedding-3-small-aiberm,fiqa,learned_gate,gate_reference_geometry,100.0,0.09323709085583687,0.483581006526947
text-embedding-3-small-aiberm,fiqa,learned_gate,gate_reference_geometry,100.0,0.16087397038936616,0.47860900561014813
text-embedding-3-small-aiberm,fiqa,learned_gate,gate_reference_geometry,100.0,0.21993260383605953,0.4798017541567485
text-embedding-3-small-aiberm,fiqa,learned_gate,gate_reference_geometry,100.0,0.8298202157020569,0.4768412709236145
text-embedding-3-small-aiberm,fiqa,learned_gate,gate_reference_geometry,100.0,inf,0.4768412709236145
text-embedding-3-small-aiberm,fiqa,learned_gate,gate_reference_geometry,1000.0,-inf,0.4870424071947734
text-embedding-3-small-aiberm,fiqa,learned_gate,gate_reference_geometry,1000.0,-0.1520249843597412,0.4870424071947734
text-embedding-3-small-aiberm,fiqa,learned_gate,gate_reference_geometry,1000.0,0.0,0.4889427423477173
text-embedding-3-small-aiberm,fiqa,learned_gate,gate_reference_geometry,1000.0,0.017050566151738167,0.4864816963672638
text-embedding-3-small-aiberm,fiqa,learned_gate,gate_reference_geometry,1000.0,0.04951207712292671,0.48463307817776996
text-embedding-3-small-aiberm,fiqa,learned_gate,gate_reference_geometry,1000.0,0.09032397717237473,0.4827097753683726
text-embedding-3-small-aiberm,fiqa,learned_gate,gate_reference_geometry,1000.0,0.13345344662666325,0.47939592599868774
text-embedding-3-small-aiberm,fiqa,learned_gate,gate_reference_geometry,1000.0,0.16758664622902866,0.4800635774930318
text-embedding-3-small-aiberm,fiqa,learned_gate,gate_reference_geometry,1000.0,0.5570086240768433,0.4768412709236145
text-embedding-3-small-aiberm,fiqa,learned_gate,gate_reference_geometry,1000.0,inf,0.4768412709236145
text-embedding-3-small-aiberm,fiqa,learned_gate,gate_reference_geometry,10000.0,-inf,0.4870424071947734
text-embedding-3-small-aiberm,fiqa,learned_gate,gate_reference_geometry,10000.0,-0.04356590658426285,0.4870424071947734
text-embedding-3-small-aiberm,fiqa,learned_gate,gate_reference_geometry,10000.0,0.0,0.4864387512207031
text-embedding-3-small-aiberm,fiqa,learned_gate,gate_reference_geometry,10000.0,0.03910505119711161,0.48934559027353924
text-embedding-3-small-aiberm,fiqa,learned_gate,gate_reference_geometry,10000.0,0.057665493339300156,0.48479469617207843
text-embedding-3-small-aiberm,fiqa,learned_gate,gate_reference_geometry,10000.0,0.07785545848309994,0.48236223061879474
text-embedding-3-small-aiberm,fiqa,learned_gate,gate_reference_geometry,10000.0,0.09866978451609612,0.4817480742931366
text-embedding-3-small-aiberm,fiqa,learned_gate,gate_reference_geometry,10000.0,0.11633578091859816,0.4780167539914449
text-embedding-3-small-aiberm,fiqa,learned_gate,gate_reference_geometry,10000.0,0.2867720425128937,0.4768412709236145
text-embedding-3-small-aiberm,fiqa,learned_gate,gate_reference_geometry,10000.0,inf,0.4768412709236145
text-embedding-3-small-aiberm,fiqa,learned_gate,gate_corpus_geometry,100.0,-inf,0.4870424071947734
text-embedding-3-small-aiberm,fiqa,learned_gate,gate_corpus_geometry,100.0,-0.2698965072631836,0.4870424071947734
text-embedding-3-small-aiberm,fiqa,learned_gate,gate_corpus_geometry,100.0,0.0,0.4876321156819661
text-embedding-3-small-aiberm,fiqa,learned_gate,gate_corpus_geometry,100.0,0.003368212841451168,0.48783472180366516
text-embedding-3-small-aiberm,fiqa,learned_gate,gate_corpus_geometry,100.0,0.03637111373245716,0.4864995777606964
text-embedding-3-small-aiberm,fiqa,learned_gate,gate_corpus_geometry,100.0,0.09513220004737377,0.4834544559319814
text-embedding-3-small-aiberm,fiqa,learned_gate,gate_corpus_geometry,100.0,0.16218679398298266,0.4800438682238261
text-embedding-3-small-aiberm,fiqa,learned_gate,gate_corpus_geometry,100.0,0.22025312185287468,0.48029112815856934
text-embedding-3-small-aiberm,fiqa,learned_gate,gate_corpus_geometry,100.0,0.8329387903213501,0.4768412709236145
text-embedding-3-small-aiberm,fiqa,learned_gate,gate_corpus_geometry,100.0,inf,0.4768412709236145
text-embedding-3-small-aiberm,fiqa,learned_gate,gate_corpus_geometry,1000.0,-inf,0.4870424071947734
text-embedding-3-small-aiberm,fiqa,learned_gate,gate_corpus_geometry,1000.0,-0.14916186034679413,0.4870424071947734
text-embedding-3-small-aiberm,fiqa,learned_gate,gate_corpus_geometry,1000.0,0.0,0.48744479815165204
text-embedding-3-small-aiberm,fiqa,learned_gate,gate_corpus_geometry,1000.0,0.017095298506319523,0.486871600151062
text-embedding-3-small-aiberm,fiqa,learned_gate,gate_corpus_geometry,1000.0,0.05010960251092911,0.4846841096878052
text-embedding-3-small-aiberm,fiqa,learned_gate,gate_corpus_geometry,1000.0,0.09014836885035038,0.4824247161547343
text-embedding-3-small-aiberm,fiqa,learned_gate,gate_corpus_geometry,1000.0,0.13522875905036927,0.4804425736268361
text-embedding-3-small-aiberm,fiqa,learned_gate,gate_corpus_geometry,1000.0,0.16566927582025523,0.48061521848042804
text-embedding-3-small-aiberm,fiqa,learned_gate,gate_corpus_geometry,1000.0,0.555102527141571,0.4768412709236145
text-embedding-3-small-aiberm,fiqa,learned_gate,gate_corpus_geometry,1000.0,inf,0.4768412709236145
text-embedding-3-small-aiberm,fiqa,learned_gate,gate_corpus_geometry,10000.0,-inf,0.4870424071947734
text-embedding-3-small-aiberm,fiqa,learned_gate,gate_corpus_geometry,10000.0,-0.045659951865673065,0.4870424071947734
text-embedding-3-small-aiberm,fiqa,learned_gate,gate_corpus_geometry,10000.0,0.0,0.48635971546173096
text-embedding-3-small-aiberm,fiqa,learned_gate,gate_corpus_geometry,10000.0,0.03923008404672146,0.4884086549282074
text-embedding-3-small-aiberm,fiqa,learned_gate,gate_corpus_geometry,10000.0,0.057195670902729034,0.48467331131299335
text-embedding-3-small-aiberm,fiqa,learned_gate,gate_corpus_geometry,10000.0,0.07703836634755135,0.4805353581905365
text-embedding-3-small-aiberm,fiqa,learned_gate,gate_corpus_geometry,10000.0,0.09860739260911941,0.4827719529469808
text-embedding-3-small-aiberm,fiqa,learned_gate,gate_corpus_geometry,10000.0,0.11454211287200446,0.4780167539914449
text-embedding-3-small-aiberm,fiqa,learned_gate,gate_corpus_geometry,10000.0,0.28799736499786377,0.4768412709236145
text-embedding-3-small-aiberm,fiqa,learned_gate,gate_corpus_geometry,10000.0,inf,0.4768412709236145
text-embedding-3-small-aiberm,arguana,oracle_candidate_lambda,query_only_candidate,0.0,,0.4967910349369049
text-embedding-3-small-aiberm,arguana,oracle_candidate_lambda,query_only_candidate,0.05,,0.4987099568049113
text-embedding-3-small-aiberm,arguana,oracle_candidate_lambda,query_only_candidate,0.1,,0.5000820755958557
text-embedding-3-small-aiberm,arguana,oracle_candidate_lambda,query_only_candidate,0.2,,0.5018812020619711
text-embedding-3-small-aiberm,arguana,oracle_candidate_lambda,query_only_candidate,0.3,,0.5037374496459961
text-embedding-3-small-aiberm,arguana,oracle_candidate_lambda,query_only_candidate,0.5,,0.5099208851655325
text-embedding-3-small-aiberm,arguana,oracle_candidate_lambda,query_only_candidate,0.75,,0.5152459939320883
text-embedding-3-small-aiberm,arguana,oracle_candidate_lambda,query_only_candidate,1.0,,0.5223665833473206
text-embedding-3-small-aiberm,arguana,learned_gate,gate_q_only,100.0,-inf,0.49336328109105426
text-embedding-3-small-aiberm,arguana,learned_gate,gate_q_only,100.0,-0.2929927110671997,0.49336328109105426
text-embedding-3-small-aiberm,arguana,learned_gate,gate_q_only,100.0,-0.05295880138874054,0.4932974874973297
text-embedding-3-small-aiberm,arguana,learned_gate,gate_q_only,100.0,-0.00432966835796833,0.4941701690355937
text-embedding-3-small-aiberm,arguana,learned_gate,gate_q_only,100.0,0.0,0.4950709243615468
text-embedding-3-small-aiberm,arguana,learned_gate,gate_q_only,100.0,0.03815739881247282,0.49723249673843384
text-embedding-3-small-aiberm,arguana,learned_gate,gate_q_only,100.0,0.0809645876288414,0.49973954757054645
text-embedding-3-small-aiberm,arguana,learned_gate,gate_q_only,100.0,0.11102216318249702,0.5001404682795206
text-embedding-3-small-aiberm,arguana,learned_gate,gate_q_only,100.0,0.8516570329666138,0.4967910349369049
text-embedding-3-small-aiberm,arguana,learned_gate,gate_q_only,100.0,inf,0.4967910349369049
text-embedding-3-small-aiberm,arguana,learned_gate,gate_q_only,1000.0,-inf,0.49336328109105426
text-embedding-3-small-aiberm,arguana,learned_gate,gate_q_only,1000.0,-0.19496801495552063,0.49336328109105426
text-embedding-3-small-aiberm,arguana,learned_gate,gate_q_only,1000.0,-0.04383229650557041,0.4951861302057902
text-embedding-3-small-aiberm,arguana,learned_gate,gate_q_only,1000.0,-0.006614590063691139,0.49819738666216534
text-embedding-3-small-aiberm,arguana,learned_gate,gate_q_only,1000.0,0.0,0.4977465569972992
text-embedding-3-small-aiberm,arguana,learned_gate,gate_q_only,1000.0,0.029658055398613214,0.5004390279452006
text-embedding-3-small-aiberm,arguana,learned_gate,gate_q_only,1000.0,0.06407282501459122,0.4982433120409648
text-embedding-3-small-aiberm,arguana,learned_gate,gate_q_only,1000.0,0.0872819758951664,0.5014988978703817
text-embedding-3-small-aiberm,arguana,learned_gate,gate_q_only,1000.0,0.6860124468803406,0.4967910349369049
text-embedding-3-small-aiberm,arguana,learned_gate,gate_q_only,1000.0,inf,0.4967910349369049
text-embedding-3-small-aiberm,arguana,learned_gate,gate_q_only,10000.0,-inf,0.49336328109105426
text-embedding-3-small-aiberm,arguana,learned_gate,gate_q_only,10000.0,-0.10810232907533646,0.49336328109105426
text-embedding-3-small-aiberm,arguana,learned_gate,gate_q_only,10000.0,-0.027837305329740047,0.4947664936383565
text-embedding-3-small-aiberm,arguana,learned_gate,gate_q_only,10000.0,-0.006168890744447708,0.500909815231959
text-embedding-3-small-aiberm,arguana,learned_gate,gate_q_only,10000.0,0.0,0.5004616975784302
text-embedding-3-small-aiberm,arguana,learned_gate,gate_q_only,10000.0,0.017169068101793528,0.5032984614372253
text-embedding-3-small-aiberm,arguana,learned_gate,gate_q_only,10000.0,0.04087543487548828,0.5022299786408743
text-embedding-3-small-aiberm,arguana,learned_gate,gate_q_only,10000.0,0.05469770263880491,0.500228355328242
text-embedding-3-small-aiberm,arguana,learned_gate,gate_q_only,10000.0,0.3742559254169464,0.4967910349369049
text-embedding-3-small-aiberm,arguana,learned_gate,gate_q_only,10000.0,inf,0.4967910349369049
text-embedding-3-small-aiberm,arguana,learned_gate,gate_reference_geometry,100.0,-inf,0.49336328109105426
text-embedding-3-small-aiberm,arguana,learned_gate,gate_reference_geometry,100.0,-0.2889653742313385,0.49336328109105426
text-embedding-3-small-aiberm,arguana,learned_gate,gate_reference_geometry,100.0,-0.05246817693114281,0.49402475357055664
text-embedding-3-small-aiberm,arguana,learned_gate,gate_reference_geometry,100.0,-0.0037510599941015244,0.49460293849309284
text-embedding-3-small-aiberm,arguana,learned_gate,gate_reference_geometry,100.0,0.0,0.49412710467974347
text-embedding-3-small-aiberm,arguana,learned_gate,gate_reference_geometry,100.0,0.03801562450826168,0.4971805115540822
text-embedding-3-small-aiberm,arguana,learned_gate,gate_reference_geometry,100.0,0.08158497139811516,0.4997637669245402
text-embedding-3-small-aiberm,arguana,learned_gate,gate_reference_geometry,100.0,0.11064367182552814,0.49766724308331806
text-embedding-3-small-aiberm,arguana,learned_gate,gate_reference_geometry,100.0,0.854663074016571,0.4967910349369049
text-embedding-3-small-aiberm,arguana,learned_gate,gate_reference_geometry,100.0,inf,0.4967910349369049
text-embedding-3-small-aiberm,arguana,learned_gate,gate_reference_geometry,1000.0,-inf,0.49336328109105426
text-embedding-3-small-aiberm,arguana,learned_gate,gate_reference_geometry,1000.0,-0.19544127583503723,0.49336328109105426
text-embedding-3-small-aiberm,arguana,learned_gate,gate_reference_geometry,1000.0,-0.04359349049627781,0.4948893189430237
text-embedding-3-small-aiberm,arguana,learned_gate,gate_reference_geometry,1000.0,-0.006073040887713432,0.4985637068748474
text-embedding-3-small-aiberm,arguana,learned_gate,gate_reference_geometry,1000.0,0.0,0.49937837322552997
text-embedding-3-small-aiberm,arguana,learned_gate,gate_reference_geometry,1000.0,0.029435905627906322,0.49862168232599896
text-embedding-3-small-aiberm,arguana,learned_gate,gate_reference_geometry,1000.0,0.06409237906336784,0.498078594605128
text-embedding-3-small-aiberm,arguana,learned_gate,gate_reference_geometry,1000.0,0.08719689585268497,0.4990929365158081
text-embedding-3-small-aiberm,arguana,learned_gate,gate_reference_geometry,1000.0,0.6894547343254089,0.4967910349369049
text-embedding-3-small-aiberm,arguana,learned_gate,gate_reference_geometry,1000.0,inf,0.4967910349369049
text-embedding-3-small-aiberm,arguana,learned_gate,gate_reference_geometry,10000.0,-inf,0.49336328109105426
text-embedding-3-small-aiberm,arguana,learned_gate,gate_reference_geometry,10000.0,-0.10873492062091827,0.49336328109105426
text-embedding-3-small-aiberm,arguana,learned_gate,gate_reference_geometry,10000.0,-0.02793928887695074,0.49538124601046246
text-embedding-3-small-aiberm,arguana,learned_gate,gate_reference_geometry,10000.0,-0.006375759840011597,0.5007138152917227
text-embedding-3-small-aiberm,arguana,learned_gate,gate_reference_geometry,10000.0,0.0,0.5012600620587667
text-embedding-3-small-aiberm,arguana,learned_gate,gate_reference_geometry,10000.0,0.01664003264158964,0.5037569105625153
text-embedding-3-small-aiberm,arguana,learned_gate,gate_reference_geometry,10000.0,0.04048815183341503,0.5026514132817587
text-embedding-3-small-aiberm,arguana,learned_gate,gate_reference_geometry,10000.0,0.05392855033278465,0.5002575814723969
text-embedding-3-small-aiberm,arguana,learned_gate,gate_reference_geometry,10000.0,0.37545114755630493,0.4967910349369049
text-embedding-3-small-aiberm,arguana,learned_gate,gate_reference_geometry,10000.0,inf,0.4967910349369049
text-embedding-3-small-aiberm,arguana,learned_gate,gate_corpus_geometry,100.0,-inf,0.49336328109105426
text-embedding-3-small-aiberm,arguana,learned_gate,gate_corpus_geometry,100.0,-0.2937576174736023,0.49336328109105426
text-embedding-3-small-aiberm,arguana,learned_gate,gate_corpus_geometry,100.0,-0.053106894716620445,0.49337977170944214
text-embedding-3-small-aiberm,arguana,learned_gate,gate_corpus_geometry,100.0,-0.004157669842243195,0.4951767822106679
text-embedding-3-small-aiberm,arguana,learned_gate,gate_corpus_geometry,100.0,0.0,0.496016929546992
text-embedding-3-small-aiberm,arguana,learned_gate,gate_corpus_geometry,100.0,0.03793973196297884,0.4954907298088074
text-embedding-3-small-aiberm,arguana,learned_gate,gate_corpus_geometry,100.0,0.080222237855196,0.49929705262184143
text-embedding-3-small-aiberm,arguana,learned_gate,gate_corpus_geometry,100.0,0.11036217585206032,0.5000831385453542
text-embedding-3-small-aiberm,arguana,learned_gate,gate_corpus_geometry,100.0,0.8556404709815979,0.4967910349369049
text-embedding-3-small-aiberm,arguana,learned_gate,gate_corpus_geometry,100.0,inf,0.4967910349369049
text-embedding-3-small-aiberm,arguana,learned_gate,gate_corpus_geometry,1000.0,-inf,0.49336328109105426
text-embedding-3-small-aiberm,arguana,learned_gate,gate_corpus_geometry,1000.0,-0.1889224350452423,0.49336328109105426
text-embedding-3-small-aiberm,arguana,learned_gate,gate_corpus_geometry,1000.0,-0.043783873319625854,0.49562105536460876
text-embedding-3-small-aiberm,arguana,learned_gate,gate_corpus_geometry,1000.0,-0.006332037970423698,0.4976098835468292
text-embedding-3-small-aiberm,arguana,learned_gate,gate_corpus_geometry,1000.0,0.0,0.4985102613766988
text-embedding-3-small-aiberm,arguana,learned_gate,gate_corpus_geometry,1000.0,0.029436098411679268,0.49936967094739276
text-embedding-3-small-aiberm,arguana,learned_gate,gate_corpus_geometry,1000.0,0.0640246607363224,0.49836963415145874
text-embedding-3-small-aiberm,arguana,learned_gate,gate_corpus_geometry,1000.0,0.0863000676035881,0.49935072660446167
text-embedding-3-small-aiberm,arguana,learned_gate,gate_corpus_geometry,1000.0,0.6882498860359192,0.4967910349369049
text-embedding-3-small-aiberm,arguana,learned_gate,gate_corpus_geometry,1000.0,inf,0.4967910349369049
text-embedding-3-small-aiberm,arguana,learned_gate,gate_corpus_geometry,10000.0,-inf,0.49336328109105426
text-embedding-3-small-aiberm,arguana,learned_gate,gate_corpus_geometry,10000.0,-0.10762292146682739,0.49336328109105426
text-embedding-3-small-aiberm,arguana,learned_gate,gate_corpus_geometry,10000.0,-0.02863078936934471,0.4947970112164815
text-embedding-3-small-aiberm,arguana,learned_gate,gate_corpus_geometry,10000.0,-0.00708375871181488,0.5017488102118174
text-embedding-3-small-aiberm,arguana,learned_gate,gate_corpus_geometry,10000.0,0.0,0.5015460948149363
text-embedding-3-small-aiberm,arguana,learned_gate,gate_corpus_geometry,10000.0,0.01631245668977499,0.5032503604888916
text-embedding-3-small-aiberm,arguana,learned_gate,gate_corpus_geometry,10000.0,0.03993616811931133,0.5015840232372284
text-embedding-3-small-aiberm,arguana,learned_gate,gate_corpus_geometry,10000.0,0.05320937465876341,0.5004473527272543
text-embedding-3-small-aiberm,arguana,learned_gate,gate_corpus_geometry,10000.0,0.37974870204925537,0.4967910349369049
text-embedding-3-small-aiberm,arguana,learned_gate,gate_corpus_geometry,10000.0,inf,0.4967910349369049
text-embedding-3-small-aiberm,scifact,oracle_candidate_lambda,query_only_candidate,0.0,,0.40457795063654584
text-embedding-3-small-aiberm,scifact,oracle_candidate_lambda,query_only_candidate,0.05,,0.4075855116049449
text-embedding-3-small-aiberm,scifact,oracle_candidate_lambda,query_only_candidate,0.1,,0.4087655146916707
text-embedding-3-small-aiberm,scifact,oracle_candidate_lambda,query_only_candidate,0.2,,0.41116944948832196
text-embedding-3-small-aiberm,scifact,oracle_candidate_lambda,query_only_candidate,0.3,,0.41535189747810364
text-embedding-3-small-aiberm,scifact,oracle_candidate_lambda,query_only_candidate,0.5,,0.4210442006587982
text-embedding-3-small-aiberm,scifact,oracle_candidate_lambda,query_only_candidate,0.75,,0.4257822632789612
text-embedding-3-small-aiberm,scifact,oracle_candidate_lambda,query_only_candidate,1.0,,0.4304848909378052
text-embedding-3-small-aiberm,scifact,learned_gate,gate_q_only,100.0,-inf,0.4048368036746979
text-embedding-3-small-aiberm,scifact,learned_gate,gate_q_only,100.0,-0.26205357909202576,0.4048368036746979
text-embedding-3-small-aiberm,scifact,learned_gate,gate_q_only,100.0,-0.03942313976585865,0.4028155903021495
text-embedding-3-small-aiberm,scifact,learned_gate,gate_q_only,100.0,0.0,0.40597347418467206
text-embedding-3-small-aiberm,scifact,learned_gate,gate_q_only,100.0,2.400018274784088e-05,0.40597347418467206
text-embedding-3-small-aiberm,scifact,learned_gate,gate_q_only,100.0,0.03828214295208454,0.4062761863072713
text-embedding-3-small-aiberm,scifact,learned_gate,gate_q_only,100.0,0.07763815075159075,0.40403103828430176
text-embedding-3-small-aiberm,scifact,learned_gate,gate_q_only,100.0,0.10355019569396973,0.40404754877090454
text-embedding-3-small-aiberm,scifact,learned_gate,gate_q_only,100.0,0.43977463245391846,0.40457795063654584
text-embedding-3-small-aiberm,scifact,learned_gate,gate_q_only,100.0,inf,0.40457795063654584
text-embedding-3-small-aiberm,scifact,learned_gate,gate_q_only,1000.0,-inf,0.4048368036746979
text-embedding-3-small-aiberm,scifact,learned_gate,gate_q_only,1000.0,-0.16048318147659302,0.4048368036746979
text-embedding-3-small-aiberm,scifact,learned_gate,gate_q_only,1000.0,-0.030376309528946877,0.40601380666097003
text-embedding-3-small-aiberm,scifact,learned_gate,gate_q_only,1000.0,-0.0012701433151960373,0.40968799591064453
text-embedding-3-small-aiberm,scifact,learned_gate,gate_q_only,1000.0,0.0,0.4098663032054901
text-embedding-3-small-aiberm,scifact,learned_gate,gate_q_only,1000.0,0.029991603456437588,0.40733811259269714
text-embedding-3-small-aiberm,scifact,learned_gate,gate_q_only,1000.0,0.060635580867528925,0.4075332184632619
text-embedding-3-small-aiberm,scifact,learned_gate,gate_q_only,1000.0,0.08169247657060616,0.4046328862508138
text-embedding-3-small-aiberm,scifact,learned_gate,gate_q_only,1000.0,0.3783360421657562,0.40457795063654584
text-embedding-3-small-aiberm,scifact,learned_gate,gate_q_only,1000.0,inf,0.40457795063654584
text-embedding-3-small-aiberm,scifact,learned_gate,gate_q_only,10000.0,-inf,0.4048368036746979
text-embedding-3-small-aiberm,scifact,learned_gate,gate_q_only,10000.0,-0.08987481892108917,0.4048368036746979
text-embedding-3-small-aiberm,scifact,learned_gate,gate_q_only,10000.0,-0.019874519668519497,0.40690697232882184
text-embedding-3-small-aiberm,scifact,learned_gate,gate_q_only,10000.0,-0.0027421023696660995,0.4108228087425232
text-embedding-3-small-aiberm,scifact,learned_gate,gate_q_only,10000.0,0.0,0.411484291156133
text-embedding-3-small-aiberm,scifact,learned_gate,gate_q_only,10000.0,0.019512628205120564,0.4121064444382985
text-embedding-3-small-aiberm,scifact,learned_gate,gate_q_only,10000.0,0.04762029498815539,0.40923020243644714
text-embedding-3-small-aiberm,scifact,learned_gate,gate_q_only,10000.0,0.06512766592204568,0.40851054588953656
text-embedding-3-small-aiberm,scifact,learned_gate,gate_q_only,10000.0,0.2222939133644104,0.40457795063654584
text-embedding-3-small-aiberm,scifact,learned_gate,gate_q_only,10000.0,inf,0.40457795063654584
text-embedding-3-small-aiberm,scifact,learned_gate,gate_reference_geometry,100.0,-inf,0.4048368036746979
text-embedding-3-small-aiberm,scifact,learned_gate,gate_reference_geometry,100.0,-0.2539701461791992,0.4048368036746979
text-embedding-3-small-aiberm,scifact,learned_gate,gate_reference_geometry,100.0,-0.039056483656167984,0.40397704641024273
text-embedding-3-small-aiberm,scifact,learned_gate,gate_reference_geometry,100.0,0.0,0.40563589334487915
text-embedding-3-small-aiberm,scifact,learned_gate,gate_reference_geometry,100.0,0.00031168852001428604,0.40588194131851196
text-embedding-3-small-aiberm,scifact,learned_gate,gate_reference_geometry,100.0,0.03800320252776146,0.40672042965888977
text-embedding-3-small-aiberm,scifact,learned_gate,gate_reference_geometry,100.0,0.07741588428616525,0.4059091607729594
text-embedding-3-small-aiberm,scifact,learned_gate,gate_reference_geometry,100.0,0.10389098897576321,0.40382083257039386
text-embedding-3-small-aiberm,scifact,learned_gate,gate_reference_geometry,100.0,0.43969374895095825,0.40457795063654584
text-embedding-3-small-aiberm,scifact,learned_gate,gate_reference_geometry,100.0,inf,0.40457795063654584
text-embedding-3-small-aiberm,scifact,learned_gate,gate_reference_geometry,1000.0,-inf,0.4048368036746979
text-embedding-3-small-aiberm,scifact,learned_gate,gate_reference_geometry,1000.0,-0.16128209233283997,0.4048368036746979
text-embedding-3-small-aiberm,scifact,learned_gate,gate_reference_geometry,1000.0,-0.030186322517693043,0.40610048174858093
text-embedding-3-small-aiberm,scifact,learned_gate,gate_reference_geometry,1000.0,-0.001263394020497799,0.40965033570925397
text-embedding-3-small-aiberm,scifact,learned_gate,gate_reference_geometry,1000.0,0.0,0.40983357032140094
text-embedding-3-small-aiberm,scifact,learned_gate,gate_reference_geometry,1000.0,0.029806566890329123,0.4072980086008708
text-embedding-3-small-aiberm,scifact,learned_gate,gate_reference_geometry,1000.0,0.060523011535406124,0.40713223814964294
text-embedding-3-small-aiberm,scifact,learned_gate,gate_reference_geometry,1000.0,0.08319864347577088,0.40633095304171246
text-embedding-3-small-aiberm,scifact,learned_gate,gate_reference_geometry,1000.0,0.37707391381263733,0.40457795063654584
text-embedding-3-small-aiberm,scifact,learned_gate,gate_reference_geometry,1000.0,inf,0.40457795063654584
text-embedding-3-small-aiberm,scifact,learned_gate,gate_reference_geometry,10000.0,-inf,0.4048368036746979
text-embedding-3-small-aiberm,scifact,learned_gate,gate_reference_geometry,10000.0,-0.09427578747272491,0.4048368036746979
text-embedding-3-small-aiberm,scifact,learned_gate,gate_reference_geometry,10000.0,-0.01967531070113182,0.4083708922068278
text-embedding-3-small-aiberm,scifact,learned_gate,gate_reference_geometry,10000.0,-0.002372906543314457,0.40992916623751324
text-embedding-3-small-aiberm,scifact,learned_gate,gate_reference_geometry,10000.0,0.0,0.41058172782262164
text-embedding-3-small-aiberm,scifact,learned_gate,gate_reference_geometry,10000.0,0.019103399477899075,0.4129112958908081
text-embedding-3-small-aiberm,scifact,learned_gate,gate_reference_geometry,10000.0,0.04759727232158184,0.40933958689371747
text-embedding-3-small-aiberm,scifact,learned_gate,gate_reference_geometry,10000.0,0.06537191234529001,0.4092688262462616
text-embedding-3-small-aiberm,scifact,learned_gate,gate_reference_geometry,10000.0,0.22157301008701324,0.40457795063654584
text-embedding-3-small-aiberm,scifact,learned_gate,gate_reference_geometry,10000.0,inf,0.40457795063654584
text-embedding-3-small-aiberm,scifact,learned_gate,gate_corpus_geometry,100.0,-inf,0.4048368036746979
text-embedding-3-small-aiberm,scifact,learned_gate,gate_corpus_geometry,100.0,-0.2599896788597107,0.4048368036746979
text-embedding-3-small-aiberm,scifact,learned_gate,gate_corpus_geometry,100.0,-0.03866163361817598,0.40283097823460895
text-embedding-3-small-aiberm,scifact,learned_gate,gate_corpus_geometry,100.0,0.0,0.40557989478111267
text-embedding-3-small-aiberm,scifact,learned_gate,gate_corpus_geometry,100.0,0.0003247195854783058,0.4056313137213389
text-embedding-3-small-aiberm,scifact,learned_gate,gate_corpus_geometry,100.0,0.03818973898887634,0.40550469358762103
text-embedding-3-small-aiberm,scifact,learned_gate,gate_corpus_geometry,100.0,0.07815356403589252,0.40614723165829975
text-embedding-3-small-aiberm,scifact,learned_gate,gate_corpus_geometry,100.0,0.10522710084915161,0.40432212750116986
text-embedding-3-small-aiberm,scifact,learned_gate,gate_corpus_geometry,100.0,0.44215843081474304,0.40457795063654584
text-embedding-3-small-aiberm,scifact,learned_gate,gate_corpus_geometry,100.0,inf,0.40457795063654584
text-embedding-3-small-aiberm,scifact,learned_gate,gate_corpus_geometry,1000.0,-inf,0.4048368036746979
text-embedding-3-small-aiberm,scifact,learned_gate,gate_corpus_geometry,1000.0,-0.1580970585346222,0.4048368036746979
text-embedding-3-small-aiberm,scifact,learned_gate,gate_corpus_geometry,1000.0,-0.030198018066585064,0.405735711256663
text-embedding-3-small-aiberm,scifact,learned_gate,gate_corpus_geometry,1000.0,-0.0013158638030290604,0.4102005362510681
text-embedding-3-small-aiberm,scifact,learned_gate,gate_corpus_geometry,1000.0,0.0,0.4102540612220764
text-embedding-3-small-aiberm,scifact,learned_gate,gate_corpus_geometry,1000.0,0.02959505468606949,0.4069740374883016
text-embedding-3-small-aiberm,scifact,learned_gate,gate_corpus_geometry,1000.0,0.06053864359855652,0.4071263273557027
text-embedding-3-small-aiberm,scifact,learned_gate,gate_corpus_geometry,1000.0,0.0823230162262916,0.40542420744895935
text-embedding-3-small-aiberm,scifact,learned_gate,gate_corpus_geometry,1000.0,0.3802969753742218,0.40457795063654584
text-embedding-3-small-aiberm,scifact,learned_gate,gate_corpus_geometry,1000.0,inf,0.40457795063654584
text-embedding-3-small-aiberm,scifact,learned_gate,gate_corpus_geometry,10000.0,-inf,0.4048368036746979
text-embedding-3-small-aiberm,scifact,learned_gate,gate_corpus_geometry,10000.0,-0.09050463140010834,0.4048368036746979
text-embedding-3-small-aiberm,scifact,learned_gate,gate_corpus_geometry,10000.0,-0.020387234166264534,0.4080406228701274
text-embedding-3-small-aiberm,scifact,learned_gate,gate_corpus_geometry,10000.0,-0.0030908705666661263,0.41073867678642273
text-embedding-3-small-aiberm,scifact,learned_gate,gate_corpus_geometry,10000.0,0.0,0.41150925556818646
text-embedding-3-small-aiberm,scifact,learned_gate,gate_corpus_geometry,10000.0,0.01823430974036455,0.41196390986442566
text-embedding-3-small-aiberm,scifact,learned_gate,gate_corpus_geometry,10000.0,0.047686340659856795,0.4093681474526723
text-embedding-3-small-aiberm,scifact,learned_gate,gate_corpus_geometry,10000.0,0.06528392843902109,0.40846283237139386
text-embedding-3-small-aiberm,scifact,learned_gate,gate_corpus_geometry,10000.0,0.22291703522205353,0.40457795063654584
text-embedding-3-small-aiberm,scifact,learned_gate,gate_corpus_geometry,10000.0,inf,0.40457795063654584
text-embedding-3-small-aiberm,nfcorpus,oracle_candidate_lambda,query_only_candidate,0.0,,0.519929458697637
text-embedding-3-small-aiberm,nfcorpus,oracle_candidate_lambda,query_only_candidate,0.05,,0.5210584004720052
text-embedding-3-small-aiberm,nfcorpus,oracle_candidate_lambda,query_only_candidate,0.1,,0.522703230381012
text-embedding-3-small-aiberm,nfcorpus,oracle_candidate_lambda,query_only_candidate,0.2,,0.5251983106136322
text-embedding-3-small-aiberm,nfcorpus,oracle_candidate_lambda,query_only_candidate,0.3,,0.527021050453186
text-embedding-3-small-aiberm,nfcorpus,oracle_candidate_lambda,query_only_candidate,0.5,,0.5318932135899862
text-embedding-3-small-aiberm,nfcorpus,oracle_candidate_lambda,query_only_candidate,0.75,,0.5410566727320353
text-embedding-3-small-aiberm,nfcorpus,oracle_candidate_lambda,query_only_candidate,1.0,,0.5468864043553671
text-embedding-3-small-aiberm,nfcorpus,learned_gate,gate_q_only,100.0,-inf,0.5235730707645416
text-embedding-3-small-aiberm,nfcorpus,learned_gate,gate_q_only,100.0,-0.2970786392688751,0.5235730707645416
text-embedding-3-small-aiberm,nfcorpus,learned_gate,gate_q_only,100.0,-0.04399190656840801,0.5244990189870199
text-embedding-3-small-aiberm,nfcorpus,learned_gate,gate_q_only,100.0,0.0,0.5263099571069082
text-embedding-3-small-aiberm,nfcorpus,learned_gate,gate_q_only,100.0,0.004108838737010956,0.5293794274330139
text-embedding-3-small-aiberm,nfcorpus,learned_gate,gate_q_only,100.0,0.0467215608805418,0.527779738108317
text-embedding-3-small-aiberm,nfcorpus,learned_gate,gate_q_only,100.0,0.09002086743712424,0.5287153422832489
text-embedding-3-small-aiberm,nfcorpus,learned_gate,gate_q_only,100.0,0.12330889329314225,0.5276537537574768
text-embedding-3-small-aiberm,nfcorpus,learned_gate,gate_q_only,100.0,0.8641183376312256,0.519929458697637
text-embedding-3-small-aiberm,nfcorpus,learned_gate,gate_q_only,100.0,inf,0.519929458697637
text-embedding-3-small-aiberm,nfcorpus,learned_gate,gate_q_only,1000.0,-inf,0.5235730707645416
text-embedding-3-small-aiberm,nfcorpus,learned_gate,gate_q_only,1000.0,-0.20621874928474426,0.5235730707645416
text-embedding-3-small-aiberm,nfcorpus,learned_gate,gate_q_only,1000.0,-0.035790568217635155,0.5262267589569092
text-embedding-3-small-aiberm,nfcorpus,learned_gate,gate_q_only,1000.0,0.0,0.52691121896108
text-embedding-3-small-aiberm,nfcorpus,learned_gate,gate_q_only,1000.0,0.0021608471870422363,0.5269353489081064
text-embedding-3-small-aiberm,nfcorpus,learned_gate,gate_q_only,1000.0,0.039767454378306866,0.5266060829162598
text-embedding-3-small-aiberm,nfcorpus,learned_gate,gate_q_only,1000.0,0.07462656423449515,0.5285710493723551
text-embedding-3-small-aiberm,nfcorpus,learned_gate,gate_q_only,1000.0,0.09916041530668733,0.5280770858128866
text-embedding-3-small-aiberm,nfcorpus,learned_gate,gate_q_only,1000.0,0.7291839122772217,0.519929458697637
text-embedding-3-small-aiberm,nfcorpus,learned_gate,gate_q_only,1000.0,inf,0.519929458697637
text-embedding-3-small-aiberm,nfcorpus,learned_gate,gate_q_only,10000.0,-inf,0.5235730707645416
text-embedding-3-small-aiberm,nfcorpus,learned_gate,gate_q_only,10000.0,-0.12837904691696167,0.5235730707645416
text-embedding-3-small-aiberm,nfcorpus,learned_gate,gate_q_only,10000.0,-0.02375907078385353,0.5271991292635599
text-embedding-3-small-aiberm,nfcorpus,learned_gate,gate_q_only,10000.0,0.0,0.5290761490662893
text-embedding-3-small-aiberm,nfcorpus,learned_gate,gate_q_only,10000.0,0.000959053635597229,0.528924971818924
text-embedding-3-small-aiberm,nfcorpus,learned_gate,gate_q_only,10000.0,0.02960221003741026,0.529766301314036
text-embedding-3-small-aiberm,nfcorpus,learned_gate,gate_q_only,10000.0,0.059141263738274566,0.5279733240604401
text-embedding-3-small-aiberm,nfcorpus,learned_gate,gate_q_only,10000.0,0.07777849063277244,0.5293450057506561
text-embedding-3-small-aiberm,nfcorpus,learned_gate,gate_q_only,10000.0,0.4073169231414795,0.519929458697637
text-embedding-3-small-aiberm,nfcorpus,learned_gate,gate_q_only,10000.0,inf,0.519929458697637
text-embedding-3-small-aiberm,nfcorpus,learned_gate,gate_reference_geometry,100.0,-inf,0.5235730707645416
text-embedding-3-small-aiberm,nfcorpus,learned_gate,gate_reference_geometry,100.0,-0.30124425888061523,0.5235730707645416
text-embedding-3-small-aiberm,nfcorpus,learned_gate,gate_reference_geometry,100.0,-0.043116308748722076,0.5252816279729208
text-embedding-3-small-aiberm,nfcorpus,learned_gate,gate_reference_geometry,100.0,0.0,0.5269087851047516
text-embedding-3-small-aiberm,nfcorpus,learned_gate,gate_reference_geometry,100.0,0.0037170276045799255,0.5270833472410837
text-embedding-3-small-aiberm,nfcorpus,learned_gate,gate_reference_geometry,100.0,0.046121164225041866,0.5276301403840383
text-embedding-3-small-aiberm,nfcorpus,learned_gate,gate_reference_geometry,100.0,0.09094428122043607,0.5261962711811066
text-embedding-3-small-aiberm,nfcorpus,learned_gate,gate_reference_geometry,100.0,0.1224021844565866,0.5277632772922516
text-embedding-3-small-aiberm,nfcorpus,learned_gate,gate_reference_geometry,100.0,0.8633267283439636,0.519929458697637
text-embedding-3-small-aiberm,nfcorpus,learned_gate,gate_reference_geometry,100.0,inf,0.519929458697637
text-embedding-3-small-aiberm,nfcorpus,learned_gate,gate_reference_geometry,1000.0,-inf,0.5235730707645416
text-embedding-3-small-aiberm,nfcorpus,learned_gate,gate_reference_geometry,1000.0,-0.2032293677330017,0.5235730707645416
text-embedding-3-small-aiberm,nfcorpus,learned_gate,gate_reference_geometry,1000.0,-0.035775551572442055,0.5258171260356903
text-embedding-3-small-aiberm,nfcorpus,learned_gate,gate_reference_geometry,1000.0,0.0,0.5278841654459635
text-embedding-3-small-aiberm,nfcorpus,learned_gate,gate_reference_geometry,1000.0,0.0017658043652772903,0.5273808737595876
text-embedding-3-small-aiberm,nfcorpus,learned_gate,gate_reference_geometry,1000.0,0.03881301358342171,0.5300743083159128
text-embedding-3-small-aiberm,nfcorpus,learned_gate,gate_reference_geometry,1000.0,0.07372520714998244,0.5266250769297282
text-embedding-3-small-aiberm,nfcorpus,learned_gate,gate_reference_geometry,1000.0,0.098362461477518,0.5282456974188486
text-embedding-3-small-aiberm,nfcorpus,learned_gate,gate_reference_geometry,1000.0,0.7279221415519714,0.519929458697637
text-embedding-3-small-aiberm,nfcorpus,learned_gate,gate_reference_geometry,1000.0,inf,0.519929458697637
text-embedding-3-small-aiberm,nfcorpus,learned_gate,gate_reference_geometry,10000.0,-inf,0.5235730707645416
text-embedding-3-small-aiberm,nfcorpus,learned_gate,gate_reference_geometry,10000.0,-0.12842319905757904,0.5235730707645416
text-embedding-3-small-aiberm,nfcorpus,learned_gate,gate_reference_geometry,10000.0,-0.024348700419068336,0.5273378094037374
text-embedding-3-small-aiberm,nfcorpus,learned_gate,gate_reference_geometry,10000.0,0.0,0.5287674864133199
text-embedding-3-small-aiberm,nfcorpus,learned_gate,gate_reference_geometry,10000.0,4.361942410469055e-05,0.5287674864133199
text-embedding-3-small-aiberm,nfcorpus,learned_gate,gate_reference_geometry,10000.0,0.028836448676884174,0.5294378101825714
text-embedding-3-small-aiberm,nfcorpus,learned_gate,gate_reference_geometry,10000.0,0.058223468437790867,0.5256155729293823
text-embedding-3-small-aiberm,nfcorpus,learned_gate,gate_reference_geometry,10000.0,0.07676434926688665,0.5293249289194742
text-embedding-3-small-aiberm,nfcorpus,learned_gate,gate_reference_geometry,10000.0,0.4077249765396118,0.519929458697637
text-embedding-3-small-aiberm,nfcorpus,learned_gate,gate_reference_geometry,10000.0,inf,0.519929458697637
text-embedding-3-small-aiberm,nfcorpus,learned_gate,gate_corpus_geometry,100.0,-inf,0.5235730707645416
text-embedding-3-small-aiberm,nfcorpus,learned_gate,gate_corpus_geometry,100.0,-0.2975012958049774,0.5235730707645416
text-embedding-3-small-aiberm,nfcorpus,learned_gate,gate_corpus_geometry,100.0,-0.04317184537649155,0.5248538752396902
text-embedding-3-small-aiberm,nfcorpus,learned_gate,gate_corpus_geometry,100.0,0.0,0.5291053156057993
text-embedding-3-small-aiberm,nfcorpus,learned_gate,gate_corpus_geometry,100.0,0.004170557484030724,0.5293862521648407
text-embedding-3-small-aiberm,nfcorpus,learned_gate,gate_corpus_geometry,100.0,0.04690931271761656,0.5300454596678416
text-embedding-3-small-aiberm,nfcorpus,learned_gate,gate_corpus_geometry,100.0,0.09068443477153773,0.5290466944376627
text-embedding-3-small-aiberm,nfcorpus,learned_gate,gate_corpus_geometry,100.0,0.12469223029911518,0.52768408258756
text-embedding-3-small-aiberm,nfcorpus,learned_gate,gate_corpus_geometry,100.0,0.8639076352119446,0.519929458697637
text-embedding-3-small-aiberm,nfcorpus,learned_gate,gate_corpus_geometry,100.0,inf,0.519929458697637
text-embedding-3-small-aiberm,nfcorpus,learned_gate,gate_corpus_geometry,1000.0,-inf,0.5235730707645416
text-embedding-3-small-aiberm,nfcorpus,learned_gate,gate_corpus_geometry,1000.0,-0.20312528312206268,0.5235730707645416
text-embedding-3-small-aiberm,nfcorpus,learned_gate,gate_corpus_geometry,1000.0,-0.03504049964249134,0.5261315902074178
text-embedding-3-small-aiberm,nfcorpus,learned_gate,gate_corpus_geometry,1000.0,0.0,0.527351438999176
text-embedding-3-small-aiberm,nfcorpus,learned_gate,gate_corpus_geometry,1000.0,0.002195524051785469,0.5275794366995493
text-embedding-3-small-aiberm,nfcorpus,learned_gate,gate_corpus_geometry,1000.0,0.038651623763144016,0.5296941598256429
text-embedding-3-small-aiberm,nfcorpus,learned_gate,gate_corpus_geometry,1000.0,0.0739947386085987,0.5292028188705444
text-embedding-3-small-aiberm,nfcorpus,learned_gate,gate_corpus_geometry,1000.0,0.09842226617038242,0.5284728507200877
text-embedding-3-small-aiberm,nfcorpus,learned_gate,gate_corpus_geometry,1000.0,0.728204607963562,0.519929458697637
text-embedding-3-small-aiberm,nfcorpus,learned_gate,gate_corpus_geometry,1000.0,inf,0.519929458697637
text-embedding-3-small-aiberm,nfcorpus,learned_gate,gate_corpus_geometry,10000.0,-inf,0.5235730707645416
text-embedding-3-small-aiberm,nfcorpus,learned_gate,gate_corpus_geometry,10000.0,-0.13487687706947327,0.5235730707645416
text-embedding-3-small-aiberm,nfcorpus,learned_gate,gate_corpus_geometry,10000.0,-0.024483948945999146,0.5271604955196381
text-embedding-3-small-aiberm,nfcorpus,learned_gate,gate_corpus_geometry,10000.0,-0.00010886788368225098,0.5283277829488119
text-embedding-3-small-aiberm,nfcorpus,learned_gate,gate_corpus_geometry,10000.0,0.0,0.5283277829488119
text-embedding-3-small-aiberm,nfcorpus,learned_gate,gate_corpus_geometry,10000.0,0.028087793849408627,0.5289012094338735
text-embedding-3-small-aiberm,nfcorpus,learned_gate,gate_corpus_geometry,10000.0,0.05776458755135534,0.5276902616024017
text-embedding-3-small-aiberm,nfcorpus,learned_gate,gate_corpus_geometry,10000.0,0.07738354876637452,0.5293733378251394
text-embedding-3-small-aiberm,nfcorpus,learned_gate,gate_corpus_geometry,10000.0,0.40652161836624146,0.519929458697637
text-embedding-3-small-aiberm,nfcorpus,learned_gate,gate_corpus_geometry,10000.0,inf,0.519929458697637
