dataset,model,lambda,baseline,full_oracle,rank_64,rank_128,rank_256
arguana,BGE-M3,0.0,0.8009478672985783,0.8009478672985783,0.8009478672985783,0.8009478672985783,0.8009478672985783
arguana,BGE-M3,0.01,0.8009478672985783,0.8080568720379147,0.8009478672985783,0.8056872037914692,0.8080568720379147
arguana,BGE-M3,0.02,0.8009478672985783,0.8175355450236966,0.8056872037914692,0.8080568720379147,0.8127962085308057
arguana,BGE-M3,0.05,0.8009478672985783,0.8625592417061612,0.8175355450236966,0.8317535545023697,0.8459715639810427
arguana,BGE-M3,0.1,0.8009478672985783,0.9265402843601896,0.8507109004739336,0.8696682464454977,0.9028436018957346
arguana,BGE-M3,0.2,0.8009478672985783,0.981042654028436,0.90521327014218,0.9454976303317536,0.971563981042654
arguana,BGE-M3,0.3,0.8009478672985783,0.995260663507109,0.9502369668246444,0.9739336492890996,0.9881516587677726
arguana,BGE-M3,0.5,0.8009478672985783,0.9976303317535544,0.9881516587677726,0.995260663507109,0.9976303317535544
arguana,BGE-M3,0.75,0.8009478672985783,0.9976303317535544,0.9976303317535544,0.9976303317535544,0.9976303317535544
arguana,BGE-M3,1.0,0.8009478672985783,0.9976303317535544,0.9976303317535544,0.9976303317535544,0.9976303317535544
arguana,E5,0.0,0.6587677725118484,0.6587677725118484,0.6587677725118484,0.6587677725118484,0.6587677725118484
arguana,E5,0.01,0.6587677725118484,0.6824644549763034,0.6706161137440758,0.6729857819905213,0.6777251184834123
arguana,E5,0.02,0.6587677725118484,0.7203791469194313,0.6848341232227488,0.6895734597156398,0.6990521327014217
arguana,E5,0.05,0.6587677725118484,0.7843601895734598,0.7345971563981043,0.7417061611374408,0.7654028436018957
arguana,E5,0.1,0.6587677725118484,0.8838862559241706,0.7772511848341233,0.8056872037914692,0.8412322274881516
arguana,E5,0.2,0.6587677725118484,0.985781990521327,0.8696682464454977,0.909952606635071,0.962085308056872
arguana,E5,0.3,0.6587677725118484,0.9976303317535544,0.9383886255924172,0.981042654028436,0.9928909952606636
arguana,E5,0.5,0.6587677725118484,0.9976303317535544,0.985781990521327,0.995260663507109,0.9976303317535544
arguana,E5,0.75,0.6587677725118484,0.9976303317535544,0.9976303317535544,0.9976303317535544,0.9976303317535544
arguana,E5,1.0,0.6587677725118484,0.9976303317535544,0.9976303317535544,0.9976303317535544,0.9976303317535544
arguana,Qwen3,0.0,0.919431279620853,0.919431279620853,0.919431279620853,0.919431279620853,0.919431279620853
arguana,Qwen3,0.01,0.919431279620853,0.9289099526066352,0.9265402843601896,0.9265402843601896,0.9265402843601896
arguana,Qwen3,0.02,0.919431279620853,0.9383886255924172,0.924170616113744,0.9289099526066352,0.9312796208530806
arguana,Qwen3,0.05,0.919431279620853,0.9549763033175356,0.9383886255924172,0.9383886255924172,0.9454976303317536
arguana,Qwen3,0.1,0.919431279620853,0.9739336492890996,0.9478672985781992,0.9597156398104264,0.966824644549763
arguana,Qwen3,0.2,0.919431279620853,0.9928909952606636,0.9691943127962084,0.976303317535545,0.9881516587677726
arguana,Qwen3,0.3,0.919431279620853,0.9976303317535544,0.9739336492890996,0.990521327014218,0.9976303317535544
arguana,Qwen3,0.5,0.919431279620853,0.9976303317535544,0.995260663507109,0.9976303317535544,0.9976303317535544
arguana,Qwen3,0.75,0.919431279620853,0.9976303317535544,0.9976303317535544,0.9976303317535544,0.9976303317535544
arguana,Qwen3,1.0,0.919431279620853,0.9976303317535544,0.9976303317535544,0.9976303317535544,0.9976303317535544
fiqa,BGE-M3,0.0,0.6805555555555556,0.6805555555555556,0.6805555555555556,0.6805555555555556,0.6805555555555556
fiqa,BGE-M3,0.01,0.6805555555555556,0.6959876543209876,0.6882716049382716,0.691358024691358,0.6944444444444444
fiqa,BGE-M3,0.02,0.6805555555555556,0.7098765432098766,0.6944444444444444,0.6990740740740741,0.7052469135802469
fiqa,BGE-M3,0.05,0.6805555555555556,0.7592592592592593,0.7098765432098766,0.7253086419753086,0.7484567901234568
fiqa,BGE-M3,0.1,0.6805555555555556,0.8395061728395061,0.7422839506172839,0.7777777777777778,0.8101851851851852
fiqa,BGE-M3,0.2,0.6805555555555556,0.9506172839506172,0.816358024691358,0.8641975308641975,0.9135802469135802
fiqa,BGE-M3,0.3,0.6805555555555556,0.9969135802469136,0.8641975308641975,0.9382716049382716,0.9814814814814816
fiqa,BGE-M3,0.5,0.6805555555555556,1.0,0.9598765432098766,0.9984567901234568,1.0
fiqa,BGE-M3,0.75,0.6805555555555556,1.0,0.9969135802469136,1.0,1.0
fiqa,BGE-M3,1.0,0.6805555555555556,1.0,1.0,1.0,1.0
fiqa,E5,0.0,0.683641975308642,0.683641975308642,0.683641975308642,0.683641975308642,0.683641975308642
fiqa,E5,0.01,0.683641975308642,0.7021604938271605,0.6929012345679012,0.6929012345679012,0.7006172839506173
fiqa,E5,0.02,0.683641975308642,0.7345679012345679,0.7006172839506173,0.7052469135802469,0.7175925925925926
fiqa,E5,0.05,0.683641975308642,0.7870370370370371,0.7314814814814815,0.7484567901234568,0.7700617283950617
fiqa,E5,0.1,0.683641975308642,0.8858024691358025,0.7716049382716049,0.7978395061728395,0.8441358024691358
fiqa,E5,0.2,0.683641975308642,0.9799382716049384,0.8503086419753086,0.8950617283950617,0.9475308641975309
fiqa,E5,0.3,0.683641975308642,1.0,0.8996913580246914,0.9660493827160492,0.9953703703703703
fiqa,E5,0.5,0.683641975308642,1.0,0.9783950617283952,0.9984567901234568,1.0
fiqa,E5,0.75,0.683641975308642,1.0,0.9969135802469136,1.0,1.0
fiqa,E5,1.0,0.683641975308642,1.0,0.9984567901234568,1.0,1.0
fiqa,Qwen3,0.0,0.75,0.75,0.75,0.75,0.75
fiqa,Qwen3,0.01,0.75,0.7731481481481481,0.7654320987654321,0.7700617283950617,0.7716049382716049
fiqa,Qwen3,0.02,0.75,0.7839506172839507,0.7716049382716049,0.7762345679012346,0.779320987654321
fiqa,Qwen3,0.05,0.75,0.8225308641975309,0.7854938271604939,0.7916666666666666,0.8024691358024691
fiqa,Qwen3,0.1,0.75,0.8827160493827161,0.8117283950617284,0.8425925925925926,0.8549382716049383
fiqa,Qwen3,0.2,0.75,0.9753086419753086,0.8611111111111112,0.910493827160494,0.9444444444444444
fiqa,Qwen3,0.3,0.75,0.9969135802469136,0.9074074074074074,0.9660493827160492,0.992283950617284
fiqa,Qwen3,0.5,0.75,1.0,0.9876543209876544,0.9984567901234568,0.9984567901234568
fiqa,Qwen3,0.75,0.75,1.0,0.9984567901234568,1.0,1.0
fiqa,Qwen3,1.0,0.75,1.0,0.9984567901234568,1.0,1.0
