dataset,model,lambda,correction,HitRate@5,HitRate@10,Recall@5,Recall@10,MRR@10,NDCG@10,num_test_queries
fiqa,Qwen3,0.0,baseline,0.6759259259259259,0.75,0.45208036133962054,0.5453282785458712,0.550733024691358,0.46796898407580273,648
fiqa,Qwen3,0.0,full_oracle,0.6759259259259259,0.75,0.45208036133962054,0.5453282785458712,0.550733024691358,0.46796898407580273,648
fiqa,Qwen3,0.0,rank_64,0.6759259259259259,0.75,0.45208036133962054,0.5453282785458712,0.550733024691358,0.46796898407580273,648
fiqa,Qwen3,0.0,rank_128,0.6759259259259259,0.75,0.45208036133962054,0.5453282785458712,0.550733024691358,0.46796898407580273,648
fiqa,Qwen3,0.0,rank_256,0.6759259259259259,0.75,0.45208036133962054,0.5453282785458712,0.550733024691358,0.46796898407580273,648
fiqa,Qwen3,0.01,baseline,0.6759259259259259,0.75,0.45208036133962054,0.5453282785458712,0.550733024691358,0.46796898407580273,648
fiqa,Qwen3,0.01,full_oracle,0.6882716049382716,0.7731481481481481,0.46185402389106084,0.5594357888339371,0.5646800901430531,0.4790799217800114,648
fiqa,Qwen3,0.01,rank_64,0.6820987654320988,0.7654320987654321,0.4561588445847705,0.5548318793689164,0.5574472124240643,0.47436790834950654,648
fiqa,Qwen3,0.01,rank_128,0.6820987654320988,0.7700617283950617,0.45696719261534074,0.5577639781343485,0.5597314079952969,0.47623737369777586,648
fiqa,Qwen3,0.01,rank_256,0.683641975308642,0.7716049382716049,0.45773879755361235,0.5588356516597258,0.5615103860474231,0.47761439364016595,648
fiqa,Qwen3,0.02,baseline,0.6759259259259259,0.75,0.45208036133962054,0.5453282785458712,0.550733024691358,0.46796898407580273,648
fiqa,Qwen3,0.02,full_oracle,0.7052469135802469,0.7839506172839507,0.4756657522861226,0.5686583050008975,0.5827766754850089,0.4905779707272237,648
fiqa,Qwen3,0.02,rank_64,0.6851851851851852,0.7716049382716049,0.4579592561074042,0.5590499863648012,0.5624503968253969,0.47799781958057735,648
fiqa,Qwen3,0.02,rank_128,0.6929012345679012,0.7762345679012346,0.46519764529023794,0.5629080110561592,0.5680041152263375,0.4814826923546658,648
fiqa,Qwen3,0.02,rank_256,0.7021604938271605,0.779320987654321,0.47180772759476464,0.5667721595962336,0.5739179159318049,0.48566707081393384,648
fiqa,Qwen3,0.05,baseline,0.6759259259259259,0.75,0.45208036133962054,0.5453282785458712,0.550733024691358,0.46796898407580273,648
fiqa,Qwen3,0.05,full_oracle,0.7484567901234568,0.8225308641975309,0.5020032008457933,0.598456952855101,0.632543969233784,0.523948609709644,648
fiqa,Qwen3,0.05,rank_64,0.7129629629629629,0.7854938271604939,0.4785868281238651,0.5681267549323105,0.5825029394473838,0.4897848266278137,648
fiqa,Qwen3,0.05,rank_128,0.7145061728395061,0.7916666666666666,0.4797214830779646,0.5742628513461846,0.5959184548304919,0.4976098866049569,648
fiqa,Qwen3,0.05,rank_256,0.7253086419753086,0.8024691358024691,0.48658396216266586,0.5832649089593533,0.6145037233000196,0.5104926701215814,648
fiqa,Qwen3,0.1,baseline,0.6759259259259259,0.75,0.45208036133962054,0.5453282785458712,0.550733024691358,0.46796898407580273,648
fiqa,Qwen3,0.1,full_oracle,0.8271604938271605,0.8827160493827161,0.5578306552843589,0.6394163149950186,0.715625,0.5805124366479828,648
fiqa,Qwen3,0.1,rank_64,0.7345679012345679,0.8117283950617284,0.4921186024195284,0.5903808211678582,0.6153396286498138,0.513156683049981,648
fiqa,Qwen3,0.1,rank_128,0.7685185185185185,0.8425925925925926,0.5167456600326971,0.6126802038839076,0.6455577601410935,0.536203733371302,648
fiqa,Qwen3,0.1,rank_256,0.8009259259259259,0.8549382716049383,0.5380628716276865,0.6209620968880227,0.6731475357632765,0.5527136359498237,648
fiqa,Qwen3,0.2,baseline,0.6759259259259259,0.75,0.45208036133962054,0.5453282785458712,0.550733024691358,0.46796898407580273,648
fiqa,Qwen3,0.2,full_oracle,0.9475308641975309,0.9753086419753086,0.644397993124845,0.7162075407445777,0.8690335341955712,0.6872896522996998,648
fiqa,Qwen3,0.2,rank_64,0.8040123456790124,0.8611111111111112,0.5384295959527441,0.6279665550498884,0.6793987605330197,0.5578656460575514,648
fiqa,Qwen3,0.2,rank_128,0.8611111111111112,0.9104938271604939,0.581637635341339,0.6610188037271371,0.740625,0.6019288035685738,648
fiqa,Qwen3,0.2,rank_256,0.9089506172839507,0.9444444444444444,0.616925183013146,0.6921420400587067,0.8070565108759552,0.6474328144101076,648
fiqa,Qwen3,0.3,baseline,0.6759259259259259,0.75,0.45208036133962054,0.5453282785458712,0.550733024691358,0.46796898407580273,648
fiqa,Qwen3,0.3,full_oracle,0.9969135802469136,0.9969135802469136,0.6863487121588974,0.7401364796040723,0.972608024691358,0.7556805268491565,648
fiqa,Qwen3,0.3,rank_64,0.8626543209876543,0.9074074074074074,0.5817533760820797,0.657351843115732,0.7503074172055654,0.6048948653666832,648
fiqa,Qwen3,0.3,rank_128,0.9351851851851852,0.9660493827160493,0.636196228325858,0.7065416579305469,0.83618520968058,0.6668863811524333,648
fiqa,Qwen3,0.3,rank_256,0.9799382716049383,0.9922839506172839,0.6722382341595304,0.7352625084106565,0.916082451499118,0.7199596767681892,648
fiqa,Qwen3,0.5,baseline,0.6759259259259259,0.75,0.45208036133962054,0.5453282785458712,0.550733024691358,0.46796898407580273,648
fiqa,Qwen3,0.5,full_oracle,1.0,1.0,0.6993270789567086,0.7567339467802431,1.0,0.7810174833489141,648
fiqa,Qwen3,0.5,rank_64,0.9675925925925926,0.9876543209876543,0.660760822682119,0.7251012062354655,0.8783013668430335,0.6954663042691349,648
fiqa,Qwen3,0.5,rank_128,0.9938271604938271,0.9984567901234568,0.6855918044575452,0.7416607055495944,0.973341049382716,0.7578383022519515,648
fiqa,Qwen3,0.5,rank_256,0.9984567901234568,0.9984567901234568,0.6917249331601184,0.7465536606740311,0.9969135802469136,0.7741733653470384,648
fiqa,Qwen3,0.75,baseline,0.6759259259259259,0.75,0.45208036133962054,0.5453282785458712,0.550733024691358,0.46796898407580273,648
fiqa,Qwen3,0.75,full_oracle,1.0,1.0,0.6975272798189465,0.7525084911658986,1.0,0.7800398602736227,648
fiqa,Qwen3,0.75,rank_64,0.9922839506172839,0.9984567901234568,0.6824889445259816,0.7394034549127142,0.9687389770723106,0.7527147696323522,648
fiqa,Qwen3,0.75,rank_128,1.0,1.0,0.6953581183905257,0.7509732422926867,0.9979938271604939,0.7770438164736374,648
fiqa,Qwen3,0.75,rank_256,1.0,1.0,0.6962131018843981,0.7507442103506918,1.0,0.7785960400306885,648
fiqa,Qwen3,1.0,baseline,0.6759259259259259,0.75,0.45208036133962054,0.5453282785458712,0.550733024691358,0.46796898407580273,648
fiqa,Qwen3,1.0,full_oracle,1.0,1.0,0.6959657926093111,0.7424023978422127,1.0,0.7738768736216637,648
fiqa,Qwen3,1.0,rank_64,0.9984567901234568,0.9984567901234568,0.6895919966521818,0.7378173780951558,0.9920267489711933,0.7666695910754879,648
fiqa,Qwen3,1.0,rank_128,1.0,1.0,0.6936140462760833,0.7447067079011525,1.0,0.775194076372642,648
fiqa,Qwen3,1.0,rank_256,1.0,1.0,0.6952994236559051,0.7396422850126555,1.0,0.7733591443397492,648
fiqa,BGE-M3,0.0,baseline,0.6157407407407407,0.6805555555555556,0.40038895432413946,0.47334963561815413,0.5037814765824025,0.4132489609242356,648
fiqa,BGE-M3,0.0,full_oracle,0.6157407407407407,0.6805555555555556,0.40038895432413946,0.47334963561815413,0.5037814765824025,0.4132489609242356,648
fiqa,BGE-M3,0.0,rank_64,0.6157407407407407,0.6805555555555556,0.40038895432413946,0.47334963561815413,0.5037814765824025,0.4132489609242356,648
fiqa,BGE-M3,0.0,rank_128,0.6157407407407407,0.6805555555555556,0.40038895432413946,0.47334963561815413,0.5037814765824025,0.4132489609242356,648
fiqa,BGE-M3,0.0,rank_256,0.6157407407407407,0.6805555555555556,0.40038895432413946,0.47334963561815413,0.5037814765824025,0.4132489609242356,648
fiqa,BGE-M3,0.01,baseline,0.6157407407407407,0.6805555555555556,0.40038895432413946,0.47334963561815413,0.5037814765824025,0.4132489609242356,648
fiqa,BGE-M3,0.01,full_oracle,0.6311728395061729,0.6959876543209876,0.40894090905664976,0.48155436812844216,0.520026822457378,0.42434302069310653,648
fiqa,BGE-M3,0.01,rank_64,0.6219135802469136,0.6882716049382716,0.403989777369407,0.4765003557827632,0.511159489515971,0.41764729321543526,648
fiqa,BGE-M3,0.01,rank_128,0.6234567901234568,0.691358024691358,0.40488998313072383,0.4776963434370842,0.514737041936116,0.41995133763664333,648
fiqa,BGE-M3,0.01,rank_256,0.6280864197530864,0.6944444444444444,0.40662609424183493,0.48001115825189894,0.5187169312169312,0.42306022497940265,648
fiqa,BGE-M3,0.02,baseline,0.6157407407407407,0.6805555555555556,0.40038895432413946,0.47334963561815413,0.5037814765824025,0.4132489609242356,648
fiqa,BGE-M3,0.02,full_oracle,0.6450617283950617,0.7098765432098766,0.4194090160525346,0.4920782021476466,0.5342212913972172,0.43497774052127136,648
fiqa,BGE-M3,0.02,rank_64,0.6280864197530864,0.6944444444444444,0.40659853692261094,0.4812757330118441,0.5183329659024103,0.42334506853670567,648
fiqa,BGE-M3,0.02,rank_128,0.6327160493827161,0.6990740740740741,0.4112557238714646,0.4852623585262474,0.5224334950029395,0.42706846756185485,648
fiqa,BGE-M3,0.02,rank_256,0.6388888888888888,0.7052469135802469,0.4152019319843394,0.48744857251801693,0.5277085782872819,0.4300498819690044,648
fiqa,BGE-M3,0.05,baseline,0.6157407407407407,0.6805555555555556,0.40038895432413946,0.47334963561815413,0.5037814765824025,0.4132489609242356,648
fiqa,BGE-M3,0.05,full_oracle,0.6944444444444444,0.7592592592592593,0.4493325904205534,0.5227740495101606,0.5832224916715658,0.4682704336425513,648
fiqa,BGE-M3,0.05,rank_64,0.6435185185185185,0.7098765432098766,0.41828835173742585,0.492681456917568,0.5352004948069763,0.4359229111982538,648
fiqa,BGE-M3,0.05,rank_128,0.6574074074074074,0.7253086419753086,0.42934802251931875,0.503252444571889,0.5514513521457964,0.4467369734873786,648
fiqa,BGE-M3,0.05,rank_256,0.6682098765432098,0.7484567901234568,0.4354437015316645,0.5179129383990495,0.5730464922594553,0.4612384056642546,648
fiqa,BGE-M3,0.1,baseline,0.6157407407407407,0.6805555555555556,0.40038895432413946,0.47334963561815413,0.5037814765824025,0.4132489609242356,648
fiqa,BGE-M3,0.1,full_oracle,0.7731481481481481,0.8395061728395061,0.49850097176486063,0.5779713599158044,0.6771696796002351,0.5330964939174734,648
fiqa,BGE-M3,0.1,rank_64,0.6759259259259259,0.7422839506172839,0.43748661746346923,0.5145449158180639,0.5685123946698021,0.45836453135537975,648
fiqa,BGE-M3,0.1,rank_128,0.7129629629629629,0.7777777777777778,0.45952879853342815,0.5394921565060453,0.5984580148932,0.4820572340017191,648
fiqa,BGE-M3,0.1,rank_256,0.7530864197530864,0.8101851851851852,0.4868178931836339,0.5576781500392611,0.6424939986282578,0.5095854106651986,648
fiqa,BGE-M3,0.2,baseline,0.6157407407407407,0.6805555555555556,0.40038895432413946,0.47334963561815413,0.5037814765824025,0.4132489609242356,648
fiqa,BGE-M3,0.2,full_oracle,0.9212962962962963,0.9506172839506173,0.608518975880087,0.6697567350345128,0.8529400597687634,0.653885013344506,648
fiqa,BGE-M3,0.2,rank_64,0.7577160493827161,0.816358024691358,0.491207467943579,0.5646140210955025,0.6470446306094454,0.514221805100835,648
fiqa,BGE-M3,0.2,rank_128,0.816358024691358,0.8641975308641975,0.5290179470735026,0.6009595813993963,0.7166329854987262,0.5608453448780851,648
fiqa,BGE-M3,0.2,rank_256,0.8734567901234568,0.9135802469135802,0.5709160952216508,0.6410958982718242,0.7912851508916325,0.6123265389152868,648
fiqa,BGE-M3,0.3,baseline,0.6157407407407407,0.6805555555555556,0.40038895432413946,0.47334963561815413,0.5037814765824025,0.4132489609242356,648
fiqa,BGE-M3,0.3,full_oracle,0.9953703703703703,0.9969135802469136,0.6699111716472828,0.7181174749461786,0.9730881344307271,0.7414638785537729,648
fiqa,BGE-M3,0.3,rank_64,0.8148148148148148,0.8641975308641975,0.527511480289258,0.598225989545434,0.7136316872427982,0.5582950072832722,648
fiqa,BGE-M3,0.3,rank_128,0.9027777777777778,0.9382716049382716,0.593164037608482,0.6608636819284968,0.8238217715069567,0.6354251619059859,648
fiqa,BGE-M3,0.3,rank_256,0.9691358024691358,0.9814814814814815,0.6439999429582762,0.7017814961101998,0.9251169655104841,0.706548362525092,648
fiqa,BGE-M3,0.5,baseline,0.6157407407407407,0.6805555555555556,0.40038895432413946,0.47334963561815413,0.5037814765824025,0.4132489609242356,648
fiqa,BGE-M3,0.5,full_oracle,1.0,1.0,0.6836315990251175,0.7419000538213502,1.0,0.7720002131341723,648
fiqa,BGE-M3,0.5,rank_64,0.9290123456790124,0.9598765432098766,0.6184248578924505,0.6776761904076719,0.8569622036057222,0.6582437778337663,648
fiqa,BGE-M3,0.5,rank_128,0.9953703703703703,0.9984567901234568,0.6756982086843197,0.7149483832354202,0.9771494708994709,0.7427436206763762,648
fiqa,BGE-M3,0.5,rank_256,1.0,1.0,0.6840670046688566,0.7332617528219381,1.0,0.7662656232557312,648
fiqa,BGE-M3,0.75,baseline,0.6157407407407407,0.6805555555555556,0.40038895432413946,0.47334963561815413,0.5037814765824025,0.4132489609242356,648
fiqa,BGE-M3,0.75,full_oracle,1.0,1.0,0.6910279835048354,0.7370947639466158,1.0,0.7718231453704473,648
fiqa,BGE-M3,0.75,rank_64,0.9922839506172839,0.9969135802469136,0.6706367920488291,0.7107632893512523,0.9650781403096219,0.7338441488718658,648
fiqa,BGE-M3,0.75,rank_128,1.0,1.0,0.6804154093505945,0.7272022987300766,1.0,0.7639079504355326,648
fiqa,BGE-M3,0.75,rank_256,1.0,1.0,0.6886501487195932,0.7343341329452441,1.0,0.7697560663762096,648
fiqa,BGE-M3,1.0,baseline,0.6157407407407407,0.6805555555555556,0.40038895432413946,0.47334963561815413,0.5037814765824025,0.4132489609242356,648
fiqa,BGE-M3,1.0,full_oracle,1.0,1.0,0.682964711899897,0.7273829908089168,1.0,0.7642220465132458,648
fiqa,BGE-M3,1.0,rank_64,0.9969135802469136,1.0,0.6755560797227463,0.7134695123121048,0.9903806584362139,0.7502039626974366,648
fiqa,BGE-M3,1.0,rank_128,1.0,1.0,0.6883960089978609,0.7222567727197358,1.0,0.761981454838968,648
fiqa,BGE-M3,1.0,rank_256,1.0,1.0,0.6876806877964285,0.7310952679008235,1.0,0.766298473274421,648
fiqa,E5,0.0,baseline,0.6033950617283951,0.683641975308642,0.38963848223107483,0.47050885928200736,0.4776816333529297,0.3986663557596119,648
fiqa,E5,0.0,full_oracle,0.6033950617283951,0.683641975308642,0.38963848223107483,0.47050885928200736,0.4776816333529297,0.3986663557596119,648
fiqa,E5,0.0,rank_64,0.6033950617283951,0.683641975308642,0.38963848223107483,0.47050885928200736,0.4776816333529297,0.3986663557596119,648
fiqa,E5,0.0,rank_128,0.6033950617283951,0.683641975308642,0.38963848223107483,0.47050885928200736,0.4776816333529297,0.3986663557596119,648
fiqa,E5,0.0,rank_256,0.6033950617283951,0.683641975308642,0.38963848223107483,0.47050885928200736,0.4776816333529297,0.3986663557596119,648
fiqa,E5,0.01,baseline,0.6033950617283951,0.683641975308642,0.38963848223107483,0.47050885928200736,0.4776816333529297,0.3986663557596119,648
fiqa,E5,0.01,full_oracle,0.6280864197530864,0.7021604938271605,0.40521387905647166,0.4861595794466165,0.5030368165784833,0.4165896536484267,648
fiqa,E5,0.01,rank_64,0.6111111111111112,0.6929012345679012,0.3960317802910396,0.47789054652480584,0.48519988242210454,0.40511308948159874,648
fiqa,E5,0.01,rank_128,0.6126543209876543,0.6929012345679012,0.3962889819371301,0.47789054652480584,0.4901736723495983,0.4078849242940127,648
fiqa,E5,0.01,rank_256,0.6188271604938271,0.7006172839506173,0.4004556486037968,0.48637820084579353,0.4969595091122869,0.4134507122651724,648
fiqa,E5,0.02,baseline,0.6033950617283951,0.683641975308642,0.38963848223107483,0.47050885928200736,0.4776816333529297,0.3986663557596119,648
fiqa,E5,0.02,full_oracle,0.6404320987654321,0.7345679012345679,0.4147732069028366,0.5074730225193188,0.5268904320987654,0.43413145541180553,648
fiqa,E5,0.02,rank_64,0.6203703703703703,0.7006172839506173,0.4012272535420684,0.4856451761544354,0.4987054183813443,0.41454395666614147,648
fiqa,E5,0.02,rank_128,0.6311728395061729,0.7052469135802469,0.4075286938712865,0.4894174669637633,0.5048311042524005,0.41874195912104994,648
fiqa,E5,0.02,rank_256,0.6342592592592593,0.7175925925925926,0.4100149764501617,0.4976479196386604,0.5167076964530669,0.4262909377602544,648
fiqa,E5,0.05,baseline,0.6033950617283951,0.683641975308642,0.38963848223107483,0.47050885928200736,0.4776816333529297,0.3986663557596119,648
fiqa,E5,0.05,full_oracle,0.720679012345679,0.7870370370370371,0.462937889442519,0.5401137485628226,0.5955332647462277,0.4783293760596128,648
fiqa,E5,0.05,rank_64,0.6512345679012346,0.7314814814814815,0.4226196942632128,0.5066371171695245,0.5228805359592397,0.4322323613015103,648
fiqa,E5,0.05,rank_128,0.6712962962962963,0.7484567901234568,0.43310066134140207,0.5192057042751487,0.5447977905153831,0.4470944319380922,648
fiqa,E5,0.05,rank_256,0.6959876543209876,0.7700617283950617,0.4476601116647413,0.5312660119373083,0.5674676660787772,0.4618458368426759,648
fiqa,E5,0.1,baseline,0.6033950617283951,0.683641975308642,0.38963848223107483,0.47050885928200736,0.4776816333529297,0.3986663557596119,648
fiqa,E5,0.1,full_oracle,0.8287037037037037,0.8858024691358025,0.5353162698070106,0.6059806405871221,0.7132036302175191,0.5575798614225376,648
fiqa,E5,0.1,rank_64,0.6975308641975309,0.7716049382716049,0.4501806877964285,0.5338808953392287,0.5714812365275328,0.4644363640370466,648
fiqa,E5,0.1,rank_128,0.7345679012345679,0.7978395061728395,0.4756583479963109,0.5481016968285486,0.6110615079365079,0.4886173693214302,648
fiqa,E5,0.1,rank_256,0.779320987654321,0.8441358024691358,0.504516372687669,0.580457663906738,0.6585029639427787,0.5226573249581968,648
fiqa,E5,0.2,baseline,0.6033950617283951,0.683641975308642,0.38963848223107483,0.47050885928200736,0.4776816333529297,0.3986663557596119,648
fiqa,E5,0.2,full_oracle,0.9645061728395061,0.9799382716049383,0.638934239628684,0.6938229637303711,0.9115667254556143,0.6927030045959495,648
fiqa,E5,0.2,rank_64,0.7824074074074074,0.8503086419753086,0.5118766264599597,0.5888871416649194,0.6640505584950029,0.5273758705772452,648
fiqa,E5,0.2,rank_128,0.8611111111111112,0.8950617283950617,0.5579157211101655,0.6178351869324091,0.7392085537918871,0.5752074613630063,648
fiqa,E5,0.2,rank_256,0.9104938271604939,0.9475308641975309,0.5918406182295071,0.6635160364327031,0.8298941798941799,0.6366363644551339,648
fiqa,E5,0.3,baseline,0.6033950617283951,0.683641975308642,0.38963848223107483,0.47050885928200736,0.4776816333529297,0.3986663557596119,648
fiqa,E5,0.3,full_oracle,1.0,1.0,0.6804399432871655,0.7216650419196715,0.9931841563786007,0.7561566824901218,648
fiqa,E5,0.3,rank_64,0.8595679012345679,0.8996913580246914,0.5562500342592935,0.6264789993956661,0.7482216343327454,0.5832797277376363,648
fiqa,E5,0.3,rank_128,0.9351851851851852,0.9660493827160493,0.6179564776786999,0.6850016153256894,0.8519535077405447,0.6572159225969413,648
fiqa,E5,0.3,rank_256,0.9845679012345679,0.9953703703703703,0.6639080012922606,0.7159912960838887,0.9541813639035862,0.727376272686406,648
fiqa,E5,0.5,baseline,0.6033950617283951,0.683641975308642,0.38963848223107483,0.47050885928200736,0.4776816333529297,0.3986663557596119,648
fiqa,E5,0.5,full_oracle,1.0,1.0,0.6932657320388802,0.7434266565053602,1.0,0.773625654715276,648
fiqa,E5,0.5,rank_64,0.9598765432098766,0.9783950617283951,0.6379177749548121,0.6963465075733594,0.8849402312365277,0.6803267146768717,648
fiqa,E5,0.5,rank_128,0.9969135802469136,0.9984567901234568,0.6756621165185981,0.7284024060644431,0.986331569664903,0.7541797181254563,648
fiqa,E5,0.5,rank_256,1.0,1.0,0.6897138997833442,0.73808543565488,1.0,0.7704173329971039,648
fiqa,E5,0.75,baseline,0.6033950617283951,0.683641975308642,0.38963848223107483,0.47050885928200736,0.4776816333529297,0.3986663557596119,648
fiqa,E5,0.75,full_oracle,1.0,1.0,0.69570603008103,0.7406795921842217,1.0,0.774785777820131,648
fiqa,E5,0.75,rank_64,0.9953703703703703,0.9969135802469136,0.6711249570045867,0.717953895384451,0.9728137860082304,0.7403671998042743,648
fiqa,E5,0.75,rank_128,1.0,1.0,0.6865067459974867,0.7358631851687407,1.0,0.7695487972442441,648
fiqa,E5,0.75,rank_256,1.0,1.0,0.7005811318311318,0.7449166831111276,1.0,0.7763190120052164,648
fiqa,E5,1.0,baseline,0.6033950617283951,0.683641975308642,0.38963848223107483,0.47050885928200736,0.4776816333529297,0.3986663557596119,648
fiqa,E5,1.0,full_oracle,1.0,1.0,0.6930047061991507,0.725066227496783,1.0,0.7666718659456228,648
fiqa,E5,1.0,rank_64,0.9984567901234568,0.9984567901234568,0.6742357779394816,0.7187727481708963,0.9933127572016462,0.7537389332975569,648
fiqa,E5,1.0,rank_128,1.0,1.0,0.685953762458392,0.7278097117217488,1.0,0.7651309443556567,648
fiqa,E5,1.0,rank_256,1.0,1.0,0.6938663317135538,0.7322739974360344,1.0,0.7703112009882566,648
arguana,Qwen3,0.0,baseline,0.7985781990521327,0.919431279620853,0.7985781990521327,0.919431279620853,0.3523593244564808,0.49269780713835204,422
arguana,Qwen3,0.0,full_oracle,0.7985781990521327,0.919431279620853,0.7985781990521327,0.919431279620853,0.3523593244564808,0.49269780713835204,422
arguana,Qwen3,0.0,rank_64,0.7985781990521327,0.919431279620853,0.7985781990521327,0.919431279620853,0.3523593244564808,0.49269780713835204,422
arguana,Qwen3,0.0,rank_128,0.7985781990521327,0.919431279620853,0.7985781990521327,0.919431279620853,0.3523593244564808,0.49269780713835204,422
arguana,Qwen3,0.0,rank_256,0.7985781990521327,0.919431279620853,0.7985781990521327,0.919431279620853,0.3523593244564808,0.49269780713835204,422
arguana,Qwen3,0.01,baseline,0.7985781990521327,0.919431279620853,0.7985781990521327,0.919431279620853,0.3523593244564808,0.49269780713835204,422
arguana,Qwen3,0.01,full_oracle,0.8080568720379147,0.9289099526066351,0.8080568720379147,0.9289099526066351,0.35861543669600543,0.49987855083940097,422
arguana,Qwen3,0.01,rank_64,0.8056872037914692,0.9265402843601895,0.8056872037914692,0.9265402843601895,0.3554643421349583,0.49679303134016306,422
arguana,Qwen3,0.01,rank_128,0.8080568720379147,0.9265402843601895,0.8080568720379147,0.9265402843601895,0.35543237042052206,0.49682435281797216,422
arguana,Qwen3,0.01,rank_256,0.8056872037914692,0.9265402843601895,0.8056872037914692,0.9265402843601895,0.35679775069585495,0.4979147180072149,422
arguana,Qwen3,0.02,baseline,0.7985781990521327,0.919431279620853,0.7985781990521327,0.919431279620853,0.3523593244564808,0.49269780713835204,422
arguana,Qwen3,0.02,full_oracle,0.8222748815165877,0.9383886255924171,0.8222748815165877,0.9383886255924171,0.36514236816369516,0.5073365846106541,422
arguana,Qwen3,0.02,rank_64,0.8056872037914692,0.9241706161137441,0.8056872037914692,0.9241706161137441,0.35545493868953587,0.49632280175956545,422
arguana,Qwen3,0.02,rank_128,0.8080568720379147,0.9289099526066351,0.8080568720379147,0.9289099526066351,0.3600673286692244,0.5010611635813499,422
arguana,Qwen3,0.02,rank_256,0.8127962085308057,0.9312796208530806,0.8127962085308057,0.9312796208530806,0.36032686376288275,0.5018698765935972,422
arguana,Qwen3,0.05,baseline,0.7985781990521327,0.919431279620853,0.7985781990521327,0.919431279620853,0.3523593244564808,0.49269780713835204,422
arguana,Qwen3,0.05,full_oracle,0.8530805687203792,0.9549763033175356,0.8530805687203792,0.9549763033175356,0.38385616489881896,0.5263857432043689,422
arguana,Qwen3,0.05,rank_64,0.8222748815165877,0.9383886255924171,0.8222748815165877,0.9383886255924171,0.36331245768449566,0.5058210071604504,422
arguana,Qwen3,0.05,rank_128,0.8246445497630331,0.9383886255924171,0.8246445497630331,0.9383886255924171,0.3687899646430452,0.5103732127605369,422
arguana,Qwen3,0.05,rank_256,0.8293838862559242,0.9454976303317536,0.8293838862559242,0.9454976303317536,0.3744668246445498,0.5166154902470429,422
arguana,Qwen3,0.1,baseline,0.7985781990521327,0.919431279620853,0.7985781990521327,0.919431279620853,0.3523593244564808,0.49269780713835204,422
arguana,Qwen3,0.1,full_oracle,0.8981042654028436,0.9739336492890995,0.8981042654028436,0.9739336492890995,0.4139547130068457,0.5552939954257491,422
arguana,Qwen3,0.1,rank_64,0.8412322274881516,0.9478672985781991,0.8412322274881516,0.9478672985781991,0.37641239750244493,0.5187508238945853,422
arguana,Qwen3,0.1,rank_128,0.8578199052132701,0.9597156398104265,0.8578199052132701,0.9597156398104265,0.38573967501692624,0.5289673783864899,422
arguana,Qwen3,0.1,rank_256,0.8815165876777251,0.966824644549763,0.8815165876777251,0.966824644549763,0.4006817497931242,0.5427349997104421,422
arguana,Qwen3,0.2,baseline,0.7985781990521327,0.919431279620853,0.7985781990521327,0.919431279620853,0.3523593244564808,0.49269780713835204,422
arguana,Qwen3,0.2,full_oracle,0.976303317535545,0.9928909952606635,0.976303317535545,0.9928909952606635,0.4578387121041149,0.5954589298342492,422
arguana,Qwen3,0.2,rank_64,0.8791469194312796,0.9691943127962085,0.8791469194312796,0.9691943127962085,0.4014453095614233,0.5439360520829172,422
arguana,Qwen3,0.2,rank_128,0.9146919431279621,0.976303317535545,0.9146919431279621,0.976303317535545,0.4167785676671933,0.5583149252868924,422
arguana,Qwen3,0.2,rank_256,0.9454976303317536,0.9881516587677726,0.9454976303317536,0.9881516587677726,0.43374896562100357,0.5748588741267667,422
arguana,Qwen3,0.3,baseline,0.7985781990521327,0.919431279620853,0.7985781990521327,0.919431279620853,0.3523593244564808,0.49269780713835204,422
arguana,Qwen3,0.3,full_oracle,0.995260663507109,0.9976303317535545,0.995260663507109,0.9976303317535545,0.4854660347551343,0.618654362431788,422
arguana,Qwen3,0.3,rank_64,0.919431279620853,0.9739336492890995,0.919431279620853,0.9739336492890995,0.41503987060859104,0.5565023729494605,422
arguana,Qwen3,0.3,rank_128,0.9620853080568721,0.990521327014218,0.9620853080568721,0.990521327014218,0.44478484916873545,0.5842780338570556,422
arguana,Qwen3,0.3,rank_256,0.9786729857819905,0.9976303317535545,0.9786729857819905,0.9976303317535545,0.4604481682088317,0.5986618270069035,422
arguana,Qwen3,0.5,baseline,0.7985781990521327,0.919431279620853,0.7985781990521327,0.919431279620853,0.3523593244564808,0.49269780713835204,422
arguana,Qwen3,0.5,full_oracle,0.9976303317535545,0.9976303317535545,0.9976303317535545,0.9976303317535545,0.8428120063191153,0.8832589797224188,422
arguana,Qwen3,0.5,rank_64,0.9691943127962085,0.995260663507109,0.9691943127962085,0.995260663507109,0.4512158654931167,0.590685194486322,422
arguana,Qwen3,0.5,rank_128,0.990521327014218,0.9976303317535545,0.990521327014218,0.9976303317535545,0.475121304445949,0.6105500720704231,422
arguana,Qwen3,0.5,rank_256,0.9976303317535545,0.9976303317535545,0.9976303317535545,0.9976303317535545,0.5012638230647709,0.6306076780808118,422
arguana,Qwen3,0.75,baseline,0.7985781990521327,0.919431279620853,0.7985781990521327,0.919431279620853,0.3523593244564808,0.49269780713835204,422
arguana,Qwen3,0.75,full_oracle,0.9976303317535545,0.9976303317535545,0.9976303317535545,0.9976303317535545,0.976303317535545,0.9818879989675029,422
arguana,Qwen3,0.75,rank_64,0.990521327014218,0.9976303317535545,0.990521327014218,0.9976303317535545,0.47613123448431505,0.6112286757619182,422
arguana,Qwen3,0.75,rank_128,0.9976303317535545,0.9976303317535545,0.9976303317535545,0.9976303317535545,0.5265402843601895,0.6494905308188033,422
arguana,Qwen3,0.75,rank_256,0.9976303317535545,0.9976303317535545,0.9976303317535545,0.9976303317535545,0.8665086887835703,0.9008066667907996,422
arguana,Qwen3,1.0,baseline,0.7985781990521327,0.919431279620853,0.7985781990521327,0.919431279620853,0.3523593244564808,0.49269780713835204,422
arguana,Qwen3,1.0,full_oracle,0.9976303317535545,0.9976303317535545,0.9976303317535545,0.9976303317535545,0.9822274881516587,0.9862608691858505,422
arguana,Qwen3,1.0,rank_64,0.995260663507109,0.9976303317535545,0.995260663507109,0.9976303317535545,0.5068720379146919,0.6345695334160845,422
arguana,Qwen3,1.0,rank_128,0.9976303317535545,0.9976303317535545,0.9976303317535545,0.9976303317535545,0.7756714060031596,0.8337185193128088,422
arguana,Qwen3,1.0,rank_256,0.9976303317535545,0.9976303317535545,0.9976303317535545,0.9976303317535545,0.9715639810426541,0.9783897027928247,422
arguana,BGE-M3,0.0,baseline,0.6255924170616114,0.8009478672985783,0.6255924170616114,0.8009478672985783,0.270025577371549,0.3985451543461574,422
arguana,BGE-M3,0.0,full_oracle,0.6255924170616114,0.8009478672985783,0.6255924170616114,0.8009478672985783,0.270025577371549,0.3985451543461574,422
arguana,BGE-M3,0.0,rank_64,0.6255924170616114,0.8009478672985783,0.6255924170616114,0.8009478672985783,0.270025577371549,0.3985451543461574,422
arguana,BGE-M3,0.0,rank_128,0.6255924170616114,0.8009478672985783,0.6255924170616114,0.8009478672985783,0.270025577371549,0.3985451543461574,422
arguana,BGE-M3,0.0,rank_256,0.6255924170616114,0.8009478672985783,0.6255924170616114,0.8009478672985783,0.270025577371549,0.3985451543461574,422
arguana,BGE-M3,0.01,baseline,0.6255924170616114,0.8009478672985783,0.6255924170616114,0.8009478672985783,0.270025577371549,0.3985451543461574,422
arguana,BGE-M3,0.01,full_oracle,0.6350710900473934,0.8080568720379147,0.6350710900473934,0.8080568720379147,0.2778153915594674,0.4065884467227642,422
arguana,BGE-M3,0.01,rank_64,0.6327014218009479,0.8009478672985783,0.6327014218009479,0.8009478672985783,0.27191472955690965,0.4002036149236838,422
arguana,BGE-M3,0.01,rank_128,0.6350710900473934,0.8056872037914692,0.6350710900473934,0.8056872037914692,0.2739684420371624,0.4028922169029299,422
arguana,BGE-M3,0.01,rank_256,0.6350710900473934,0.8080568720379147,0.6350710900473934,0.8080568720379147,0.2764330850823742,0.4054368523826283,422
arguana,BGE-M3,0.02,baseline,0.6255924170616114,0.8009478672985783,0.6255924170616114,0.8009478672985783,0.270025577371549,0.3985451543461574,422
arguana,BGE-M3,0.02,full_oracle,0.6445497630331753,0.8175355450236966,0.6445497630331753,0.8175355450236966,0.28592492289174753,0.41537883355589783,422
arguana,BGE-M3,0.02,rank_64,0.6374407582938388,0.8056872037914692,0.6374407582938388,0.8056872037914692,0.27670578499962384,0.40515603549897455,422
arguana,BGE-M3,0.02,rank_128,0.6374407582938388,0.8080568720379147,0.6374407582938388,0.8080568720379147,0.27831847588956593,0.4070429259917172,422
arguana,BGE-M3,0.02,rank_256,0.6398104265402843,0.8127962085308057,0.6398104265402843,0.8127962085308057,0.2817723613932145,0.41097605498517514,422
arguana,BGE-M3,0.05,baseline,0.6255924170616114,0.8009478672985783,0.6255924170616114,0.8009478672985783,0.270025577371549,0.3985451543461574,422
arguana,BGE-M3,0.05,full_oracle,0.7085308056872038,0.8625592417061612,0.7085308056872038,0.8625592417061612,0.31155871511321753,0.4463366904666338,422
arguana,BGE-M3,0.05,rank_64,0.6445497630331753,0.8175355450236966,0.6445497630331753,0.8175355450236966,0.2865615361468442,0.41592933179231584,422
arguana,BGE-M3,0.05,rank_128,0.6658767772511849,0.8317535545023697,0.6658767772511849,0.8317535545023697,0.296305386293538,0.4270599914719016,422
arguana,BGE-M3,0.05,rank_256,0.6848341232227488,0.8459715639810427,0.6848341232227488,0.8459715639810427,0.30308056872037914,0.4356618093712844,422
arguana,BGE-M3,0.1,baseline,0.6255924170616114,0.8009478672985783,0.6255924170616114,0.8009478672985783,0.270025577371549,0.3985451543461574,422
arguana,BGE-M3,0.1,full_oracle,0.7890995260663507,0.9265402843601895,0.7890995260663507,0.9265402843601895,0.35027458060633415,0.4924433732552634,422
arguana,BGE-M3,0.1,rank_64,0.6848341232227488,0.8507109004739336,0.6848341232227488,0.8507109004739336,0.3034275558564658,0.43693357586822973,422
arguana,BGE-M3,0.1,rank_128,0.7322274881516587,0.8696682464454977,0.7322274881516587,0.8696682464454977,0.31849563680132403,0.4537705125504671,422
arguana,BGE-M3,0.1,rank_256,0.7654028436018957,0.9028436018957346,0.7654028436018957,0.9028436018957346,0.3335110584518168,0.4733546825028922,422
arguana,BGE-M3,0.2,baseline,0.6255924170616114,0.8009478672985783,0.6255924170616114,0.8009478672985783,0.270025577371549,0.3985451543461574,422
arguana,BGE-M3,0.2,full_oracle,0.943127962085308,0.981042654028436,0.943127962085308,0.981042654028436,0.42353306251410516,0.5651678411288458,422
arguana,BGE-M3,0.2,rank_64,0.7630331753554502,0.9052132701421801,0.7630331753554502,0.9052132701421801,0.337018543594373,0.47686646000205773,422
arguana,BGE-M3,0.2,rank_128,0.8199052132701422,0.9454976303317536,0.8199052132701422,0.9454976303317536,0.3643477770255022,0.5083326863809919,422
arguana,BGE-M3,0.2,rank_256,0.8815165876777251,0.9715639810426541,0.8815165876777251,0.9715639810426541,0.3932417437749191,0.5380278669251319,422
arguana,BGE-M3,0.3,baseline,0.6255924170616114,0.8009478672985783,0.6255924170616114,0.8009478672985783,0.270025577371549,0.3985451543461574,422
arguana,BGE-M3,0.3,full_oracle,0.985781990521327,0.995260663507109,0.985781990521327,0.995260663507109,0.4706781764838636,0.6065308944429773,422
arguana,BGE-M3,0.3,rank_64,0.8364928909952607,0.9502369668246445,0.8364928909952607,0.9502369668246445,0.3686460919280825,0.5131527911359297,422
arguana,BGE-M3,0.3,rank_128,0.9052132701421801,0.9739336492890995,0.9052132701421801,0.9739336492890995,0.4059608440532611,0.5491510343717584,422
arguana,BGE-M3,0.3,rank_256,0.9620853080568721,0.9881516587677726,0.9620853080568721,0.9881516587677726,0.4439357180470924,0.5833418104937211,422
arguana,BGE-M3,0.5,baseline,0.6255924170616114,0.8009478672985783,0.6255924170616114,0.8009478672985783,0.270025577371549,0.3985451543461574,422
arguana,BGE-M3,0.5,full_oracle,0.9976303317535545,0.9976303317535545,0.9976303317535545,0.9976303317535545,0.5716824644549763,0.6830150978526012,422
arguana,BGE-M3,0.5,rank_64,0.933649289099526,0.9881516587677726,0.933649289099526,0.9881516587677726,0.42570243737305347,0.5683121959535763,422
arguana,BGE-M3,0.5,rank_128,0.9881516587677726,0.995260663507109,0.9881516587677726,0.995260663507109,0.4671067479124351,0.6036586871766558,422
arguana,BGE-M3,0.5,rank_256,0.9976303317535545,0.9976303317535545,0.9976303317535545,0.9976303317535545,0.48696682464454977,0.6201085699435027,422
arguana,BGE-M3,0.75,baseline,0.6255924170616114,0.8009478672985783,0.6255924170616114,0.8009478672985783,0.270025577371549,0.3985451543461574,422
arguana,BGE-M3,0.75,full_oracle,0.9976303317535545,0.9976303317535545,0.9976303317535545,0.9976303317535545,0.9893364928909952,0.9915083134478677,422
arguana,BGE-M3,0.75,rank_64,0.985781990521327,0.9976303317535545,0.985781990521327,0.9976303317535545,0.4671894982321523,0.6042510473127184,422
arguana,BGE-M3,0.75,rank_128,0.9976303317535545,0.9976303317535545,0.9976303317535545,0.9976303317535545,0.5140205371248026,0.640302611207377,422
arguana,BGE-M3,0.75,rank_256,0.9976303317535545,0.9976303317535545,0.9976303317535545,0.9976303317535545,0.9593206951026856,0.9693337022765763,422
arguana,BGE-M3,1.0,baseline,0.6255924170616114,0.8009478672985783,0.6255924170616114,0.8009478672985783,0.270025577371549,0.3985451543461574,422
arguana,BGE-M3,1.0,full_oracle,0.9976303317535545,0.9976303317535545,0.9976303317535545,0.9976303317535545,0.9964454976303317,0.9967557577098849,422
arguana,BGE-M3,1.0,rank_64,0.9976303317535545,0.9976303317535545,0.9976303317535545,0.9976303317535545,0.498696682464455,0.6286197632008325,422
arguana,BGE-M3,1.0,rank_128,0.9976303317535545,0.9976303317535545,0.9976303317535545,0.9976303317535545,0.8424170616113744,0.8830049258378557,422
arguana,BGE-M3,1.0,rank_256,0.9976303317535545,0.9976303317535545,0.9976303317535545,0.9976303317535545,0.9774881516587678,0.9827625730111724,422
arguana,E5,0.0,baseline,0.504739336492891,0.6587677725118484,0.504739336492891,0.6587677725118484,0.2182849996238622,0.32469041221510037,422
arguana,E5,0.0,full_oracle,0.504739336492891,0.6587677725118484,0.504739336492891,0.6587677725118484,0.2182849996238622,0.32469041221510037,422
arguana,E5,0.0,rank_64,0.504739336492891,0.6587677725118484,0.504739336492891,0.6587677725118484,0.2182849996238622,0.32469041221510037,422
arguana,E5,0.0,rank_128,0.504739336492891,0.6587677725118484,0.504739336492891,0.6587677725118484,0.2182849996238622,0.32469041221510037,422
arguana,E5,0.0,rank_256,0.504739336492891,0.6587677725118484,0.504739336492891,0.6587677725118484,0.2182849996238622,0.32469041221510037,422
arguana,E5,0.01,baseline,0.504739336492891,0.6587677725118484,0.504739336492891,0.6587677725118484,0.2182849996238622,0.32469041221510037,422
arguana,E5,0.01,full_oracle,0.518957345971564,0.6824644549763034,0.518957345971564,0.6824644549763034,0.22538177988414956,0.33587471426339377,422
arguana,E5,0.01,rank_64,0.5118483412322274,0.6706161137440758,0.5118483412322274,0.6706161137440758,0.22194952230497256,0.33033078786602155,422
arguana,E5,0.01,rank_128,0.514218009478673,0.6729857819905213,0.514218009478673,0.6729857819905213,0.22167682238772288,0.330649611905461,422
arguana,E5,0.01,rank_256,0.5165876777251185,0.6777251184834123,0.5165876777251185,0.6777251184834123,0.2233779056646355,0.3330810361705763,422
arguana,E5,0.02,baseline,0.504739336492891,0.6587677725118484,0.504739336492891,0.6587677725118484,0.2182849996238622,0.32469041221510037,422
arguana,E5,0.02,full_oracle,0.5545023696682464,0.7203791469194313,0.5545023696682464,0.7203791469194313,0.23752915068080946,0.3540783645119767,422
arguana,E5,0.02,rank_64,0.518957345971564,0.6848341232227488,0.518957345971564,0.6848341232227488,0.22566858496953285,0.3364928793937383,422
arguana,E5,0.02,rank_128,0.5260663507109005,0.6895734597156398,0.5260663507109005,0.6895734597156398,0.22855168133604153,0.3399680028890158,422
arguana,E5,0.02,rank_256,0.5402843601895735,0.6990521327014217,0.5402843601895735,0.6990521327014217,0.23089407959076205,0.3440277373781299,422
arguana,E5,0.05,baseline,0.504739336492891,0.6587677725118484,0.504739336492891,0.6587677725118484,0.2182849996238622,0.32469041221510037,422
arguana,E5,0.05,full_oracle,0.6516587677725119,0.7843601895734598,0.6516587677725119,0.7843601895734598,0.27463796735123747,0.3989349811972884,422
arguana,E5,0.05,rank_64,0.556872037914692,0.7345971563981043,0.556872037914692,0.7345971563981043,0.24137515985857214,0.3603673495976963,422
arguana,E5,0.05,rank_128,0.5758293838862559,0.7417061611374408,0.5758293838862559,0.7417061611374408,0.24931072745053787,0.36851725767310045,422
arguana,E5,0.05,rank_256,0.6066350710900474,0.7654028436018957,0.6066350710900474,0.7654028436018957,0.2589144662604378,0.38169518187491996,422
arguana,E5,0.1,baseline,0.504739336492891,0.6587677725118484,0.504739336492891,0.6587677725118484,0.2182849996238622,0.32469041221510037,422
arguana,E5,0.1,full_oracle,0.7701421800947867,0.8838862559241706,0.7701421800947867,0.8838862559241706,0.33546979613330324,0.47116834026335,422
arguana,E5,0.1,rank_64,0.6350710900473934,0.7772511848341233,0.6350710900473934,0.7772511848341233,0.2658626720830512,0.39022964251917946,422
arguana,E5,0.1,rank_128,0.6635071090047393,0.8056872037914692,0.6635071090047393,0.8056872037914692,0.28362295945234334,0.41104151937653816,422
arguana,E5,0.1,rank_256,0.7037914691943128,0.8412322274881516,0.7037914691943128,0.8412322274881516,0.30312288422477995,0.43503242483045923,422
arguana,E5,0.2,baseline,0.504739336492891,0.6587677725118484,0.504739336492891,0.6587677725118484,0.2182849996238622,0.32469041221510037,422
arguana,E5,0.2,full_oracle,0.943127962085308,0.985781990521327,0.943127962085308,0.985781990521327,0.4347494922139472,0.5750794989684477,422
arguana,E5,0.2,rank_64,0.7322274881516587,0.8696682464454977,0.7322274881516587,0.8696682464454977,0.31728823440908754,0.45281450726655675,422
arguana,E5,0.2,rank_128,0.7890995260663507,0.909952606635071,0.7890995260663507,0.909952606635071,0.34643327315128264,0.48592504450213947,422
arguana,E5,0.2,rank_256,0.8791469194312796,0.9620853080568721,0.8791469194312796,0.9620853080568721,0.38999755510419015,0.5332716184996957,422
arguana,E5,0.3,baseline,0.504739336492891,0.6587677725118484,0.504739336492891,0.6587677725118484,0.2182849996238622,0.32469041221510037,422
arguana,E5,0.3,full_oracle,0.9928909952606635,0.9976303317535545,0.9928909952606635,0.9976303317535545,0.4826055066576394,0.6163936995398402,422
arguana,E5,0.3,rank_64,0.8222748815165877,0.9383886255924171,0.8222748815165877,0.9383886255924171,0.35925863236289785,0.5028860948239631,422
arguana,E5,0.3,rank_128,0.9075829383886256,0.981042654028436,0.9075829383886256,0.981042654028436,0.40377642368163696,0.5487708880877458,422
arguana,E5,0.3,rank_256,0.9597156398104265,0.9928909952606635,0.9597156398104265,0.9928909952606635,0.4472626570375386,0.5869494101738337,422
arguana,E5,0.5,baseline,0.504739336492891,0.6587677725118484,0.504739336492891,0.6587677725118484,0.2182849996238622,0.32469041221510037,422
arguana,E5,0.5,full_oracle,0.9976303317535545,0.9976303317535545,0.9976303317535545,0.9976303317535545,0.7993680884676146,0.8512100001861993,422
arguana,E5,0.5,rank_64,0.9454976303317536,0.985781990521327,0.9454976303317536,0.985781990521327,0.424252426088919,0.5666775490395447,422
arguana,E5,0.5,rank_128,0.981042654028436,0.995260663507109,0.981042654028436,0.995260663507109,0.470667832693899,0.6063203503291928,422
arguana,E5,0.5,rank_256,0.9976303317535545,0.9976303317535545,0.9976303317535545,0.9976303317535545,0.5035545023696683,0.6325212251398465,422
arguana,E5,0.75,baseline,0.504739336492891,0.6587677725118484,0.504739336492891,0.6587677725118484,0.2182849996238622,0.32469041221510037,422
arguana,E5,0.75,full_oracle,0.9976303317535545,0.9976303317535545,0.9976303317535545,0.9976303317535545,0.9845971563981043,0.9880100172731895,422
arguana,E5,0.75,rank_64,0.9834123222748815,0.9976303317535545,0.9834123222748815,0.9976303317535545,0.4663535319341006,0.6035355725377325,422
arguana,E5,0.75,rank_128,0.9976303317535545,0.9976303317535545,0.9976303317535545,0.9976303317535545,0.5129146919431279,0.6393577635434098,422
arguana,E5,0.75,rank_256,0.9976303317535545,0.9976303317535545,0.9976303317535545,0.9976303317535545,0.8313586097946288,0.8748234993652767,422
arguana,E5,1.0,baseline,0.504739336492891,0.6587677725118484,0.504739336492891,0.6587677725118484,0.2182849996238622,0.32469041221510037,422
arguana,E5,1.0,full_oracle,0.9976303317535545,0.9976303317535545,0.9976303317535545,0.9976303317535545,0.9798578199052133,0.9845117210985116,422
arguana,E5,1.0,rank_64,0.9928909952606635,0.9976303317535545,0.9928909952606635,0.9976303317535545,0.5018618821936357,0.6308114975517254,422
arguana,E5,1.0,rank_128,0.9976303317535545,0.9976303317535545,0.9976303317535545,0.9976303317535545,0.67239336492891,0.7574663039544918,422
arguana,E5,1.0,rank_256,0.9976303317535545,0.9976303317535545,0.9976303317535545,0.9976303317535545,0.9786729857819905,0.983637147054842,422
