heldout_corpus,model,comparison_group,pair_query_count,mean_coordinate_cosine,p10_coordinate_cosine,mean_displacement_cosine,mean_top_k_overlap,mean_abs_ndcg_difference,mean_abs_mrr_difference,mean_abs_positive_margin_difference,mean_abs_reference_rank_loss_difference,directionally_distinct_fraction,directionally_distinct_but_metric_equivalent_fraction,directionally_distinct_but_ranking_equivalent_fraction
arguana,text-embedding-3-small (Aiberm),initialization,3165,0.9997967539805371,0.9995460152626038,0.9997967537168831,0.9781990521327014,0.0025356536396424485,0.0033833596629805167,0.0008521249038159942,0.0006823629462368388,0.0,0.0,0.0
arguana,text-embedding-3-small (Aiberm),negative_count,1266,0.9559710906203512,0.9060851037502289,0.955971088690027,0.6001579778830963,0.15218522801341883,0.17765960781363624,0.03274059228563761,0.12065713291390615,0.0,0.0,0.0
arguana,text-embedding-3-small (Aiberm),negative_sample,3165,0.9107472319832722,0.8387107491493225,0.9107472289324183,0.6065402843601895,0.13596236692812513,0.1809904962511598,0.045299889841727545,0.35121831613082366,0.0,0.0,0.0
arguana,text-embedding-3-small (Aiberm),optimizer_seed,3165,1.0000000096045398,0.9999999403953552,1.0000000073446482,1.0,0.0,0.0,0.0,0.0,0.0,0.0,0.0
arguana,text-embedding-3-small (Aiberm),regularization,1266,0.9984022746153918,0.995794266462326,0.9984022700956082,0.9003159557661928,0.014589472221984893,0.017252501316482358,0.0068261467661902804,0.008623606707303217,0.0,0.0,0.0
fiqa,text-embedding-3-small (Aiberm),initialization,9720,0.9782978128977675,0.99905766248703,0.978297814208949,0.9477263374485598,0.009158439763997167,0.013495084590763602,0.003044847629719065,0.005262982313842741,0.011008230452674897,0.008641975308641974,0.0
fiqa,text-embedding-3-small (Aiberm),negative_count,3888,0.9277536791652009,0.8876871347427369,0.927753677356403,0.6115997942386832,0.06748207839652642,0.07399630119537527,0.025478979833270788,0.060856138645494766,0.010030864197530864,0.005401234567901234,0.0
fiqa,text-embedding-3-small (Aiberm),negative_sample,9720,0.9086852685187038,0.8742063224315644,0.9086852683227851,0.6136213991769548,0.04984409751509655,0.04213350806715004,0.019750652719794967,0.05359677663940213,0.016358024691358025,0.009362139917695474,0.0
fiqa,text-embedding-3-small (Aiberm),optimizer_seed,9720,1.0000000139813365,0.9999999403953552,1.0000000153610735,1.0,0.0,0.0,0.0,0.0,0.0,0.0,0.0
fiqa,text-embedding-3-small (Aiberm),regularization,3888,0.9966693673696783,0.9960107922554016,0.9966693690560237,0.8883744855967078,0.027335537017016312,0.025779463877457703,0.010213945007311955,0.008164220835957104,0.0,0.0,0.0
nfcorpus,text-embedding-3-small (Aiberm),initialization,735,0.9410808974972033,0.9444446444511414,0.9410808986369648,0.8857142857142857,0.024490331447825118,0.0369533527696793,0.0066009526654165615,0.009042633155622318,0.027210884353741496,0.0,0.0
nfcorpus,text-embedding-3-small (Aiberm),negative_count,294,0.8843561112437219,0.7960703849792481,0.8843561093177216,0.6734693877551021,0.0687120640697595,0.07080903790087463,0.02773618776680661,0.06043543057501916,0.027210884353741496,0.0,0.0
nfcorpus,text-embedding-3-small (Aiberm),negative_sample,735,0.8620311920312519,0.6642207503318787,0.8620311926252076,0.6687074829931974,0.05755813391598221,0.03696145124716553,0.02392638516263897,0.0488272608594564,0.04897959183673469,0.004081632653061225,0.0
nfcorpus,text-embedding-3-small (Aiberm),optimizer_seed,735,1.0,0.9999998807907104,1.0000000097313706,1.0,0.0,0.0,0.0,0.0,0.0,0.0,0.0
nfcorpus,text-embedding-3-small (Aiberm),regularization,294,0.9944905460286303,0.9835313320159912,0.9944905462313671,0.9078231292517006,0.023290163693932223,0.012755102040816327,0.008252986282312951,0.010183352805129943,0.0,0.0,0.0
scifact,text-embedding-3-small (Aiberm),initialization,675,0.9999607639842564,0.9999095559120178,0.9999607565667894,0.9961481481481481,0.0,0.0,0.00031582813572000575,0.00017677494394692734,0.0,0.0,0.0
scifact,text-embedding-3-small (Aiberm),negative_count,270,0.9676230505660728,0.9305732011795044,0.9676230525528943,0.7822222222222222,0.00690938585875735,0.0,0.01728385474394869,0.039379941715523295,0.0,0.0,0.0
scifact,text-embedding-3-small (Aiberm),negative_sample,675,0.9356624170585915,0.8796005487442017,0.9356624211205377,0.7982222222222223,0.0010410359529921683,0.0,0.01990129229095247,0.03853460180751947,0.0,0.0,0.0
scifact,text-embedding-3-small (Aiberm),optimizer_seed,675,1.0000000026490954,0.9999999403953552,0.999999996026357,1.0,0.0,0.0,0.0,0.0,0.0,0.0,0.0
scifact,text-embedding-3-small (Aiberm),regularization,270,0.9995187238410667,0.998512452840805,0.9995187214127293,0.9633333333333334,0.0,0.0,0.0031707641703111154,0.002593970156517503,0.0,0.0,0.0
