model,variant,cos_g_D0_g_Dv_mean,distance_g_Dv_g_D0_mean,distance_g_Dv_g_D0_median
qwen3,D0_original,1.0,0.0,0.0
qwen3,D1_random_external,0.9999987946852047,0.0005787401748311156,0.00020308420386802725
qwen3,D2_hard_external,0.9999768892181254,0.0024943398511927737,0.0010546256552371085
qwen3,D3_high_hard_external,0.9998938177840955,0.005747386297421461,0.0018640274425992726
bge-m3,D0_original,1.0,0.0,0.0
bge-m3,D1_random_external,0.9999982120776431,0.0004899810567038851,6.0182632756458924e-05
bge-m3,D2_hard_external,0.9999946022933681,0.0013976457169235612,0.0004492942383815061
bge-m3,D3_high_hard_external,0.9999362829709025,0.004121808718291934,0.000639245891156548
e5,D0_original,1.0,0.0,0.0
e5,D1_random_external,0.9999994635446826,0.00034106323963442906,1.272841840682022e-16
e5,D2_hard_external,0.9999899119864127,0.0015876774994551287,0.00010757597769087563
e5,D3_high_hard_external,0.999928847377552,0.0040469938834697145,0.00015916843349063806
