dataset,model,variant,queries,cos_q_g_mean,cos_q_g_median,cos_q_g_std,distance_g_q_mean,distance_g_q_median,distance_g_q_std,entropy_mean,entropy_median,entropy_std,entropy_max_log_top_m,corpus_documents,external_documents,anchor_count
fiqa_fixed_query,qwen3,D0_original,64,0.5569899597685216,0.5556308285968894,0.054339874739081334,0.8724651892392046,0.874925003852957,0.051060442790455074,2.7069441686587017,2.718698856170363,0.04317045933147813,2.772588722239781,57638,0,256
fiqa_fixed_query,qwen3,D1_random_external,64,0.5570519488630898,0.5557655223877742,0.0543189975978979,0.8723662555440653,0.87491877012737,0.05102842493443013,2.7083667509525284,2.7186821167734414,0.03955358033050102,2.772588722239781,58638,1000,256
fiqa_fixed_query,qwen3,D2_hard_external,64,0.5572143053405489,0.5561589761250005,0.05437633380167888,0.872120209360882,0.8748922545143065,0.05107260210474033,2.7102651993167246,2.7186604442417646,0.037467162308561765,2.772588722239781,58638,1000,256
fiqa_fixed_query,qwen3,D3_high_hard_external,64,0.5575188360125857,0.5566909856428839,0.05427397771704227,0.8716214290921382,0.8744148403098448,0.05093278130744508,2.7145104130777935,2.719784919593894,0.028678465914419433,2.772588722239781,62638,5000,256
fiqa_fixed_query,bge-m3,D0_original,64,0.6327167304868471,0.6321908321070742,0.04867681543665449,0.8251956372160711,0.824939226291943,0.05361453442206725,2.7115517002800154,2.7308565578445156,0.06471735452591906,2.772588722239781,57638,0,256
fiqa_fixed_query,bge-m3,D1_random_external,64,0.632775174229114,0.6321977263680144,0.0486307052613407,0.8250948578871093,0.8249280868406835,0.05353083653242564,2.713704400533805,2.730889214583944,0.05546178616613663,2.772588722239781,58638,1000,256
fiqa_fixed_query,bge-m3,D2_hard_external,64,0.6327605534439755,0.6321570131316172,0.04863594794482538,0.8251237323482052,0.8249785961777205,0.05355066652139532,2.7140912799263415,2.731232216144607,0.05784659036380438,2.772588722239781,58638,1000,256
fiqa_fixed_query,bge-m3,D3_high_hard_external,64,0.6329287606613425,0.6321601309732446,0.04851142850752226,0.8248257049140677,0.8249613973859794,0.05333520060401461,2.7195242607660877,2.732571694726007,0.04088328048927401,2.772588722239781,62638,5000,256
fiqa_fixed_query,e5,D0_original,64,0.8809307837398609,0.8813461908045066,0.013944346780818904,0.4819582862174244,0.48187137788807655,0.027826233178715697,2.7220626949914637,2.7308527754846663,0.0367619669288334,2.772588722239781,57638,0,256
fiqa_fixed_query,e5,D1_random_external,64,0.8809672448834842,0.8813461908045066,0.013889945882157025,0.48188077059274886,0.48187137788807655,0.027714414512514968,2.7246167647600257,2.730852775484666,0.029484677953355867,2.772588722239781,58638,1000,256
fiqa_fixed_query,e5,D2_hard_external,64,0.8810719871351449,0.8813430422752377,0.013730690173944697,0.4816586497314225,0.4818372312391281,0.027388912621336976,2.729386208570049,2.732442400378521,0.0175860927578043,2.772588722239781,58638,1000,256
fiqa_fixed_query,e5,D3_high_hard_external,64,0.8812815273088146,0.8815440249677786,0.013439403843338896,0.48121211562311555,0.4811597832602228,0.026794647664630168,2.7332401723430686,2.733003610855254,0.011004964795193408,2.772588722239781,62638,5000,256
