dataset,model,r2_variance_weighted,cos_pred_g_mean,cos_pred_g_median,train_rows,test_rows
fiqa,qwen3,0.8819922761846968,0.989573347571382,0.9911745329607701,4400,648
arguana,qwen3,0.804053610884583,0.9882701263509747,0.9913350731052346,787,211
scifact,qwen3,0.7486455030838947,0.9901509920675323,0.9958931806516942,168,45
nfcorpus,qwen3,0.17828562967238581,0.9272926444951736,0.9878879442269313,181,49
fiqa,bge-m3,0.850444907700892,0.9952437699116593,0.9960498798963378,4400,648
arguana,bge-m3,0.7594440922113428,0.9965900671643768,0.9978967929453448,787,211
scifact,bge-m3,0.7208495283224019,0.9958578993566637,0.9976316049265359,168,45
nfcorpus,bge-m3,0.10601701574976938,0.9470733375558746,0.994049081005604,181,49
fiqa,e5,0.8563190262939847,0.998717155627261,0.9989736574461385,4400,648
arguana,e5,0.6057755649517073,0.9976837183473412,0.9986117020237456,787,211
scifact,e5,0.6916380367221596,0.9986773114283148,0.9993569203431066,168,45
nfcorpus,e5,0.2654132109727074,0.9904227125674078,0.9963005243004748,181,49
